0.007,0.0,0.0,0.0,0.7,0.7,0.7,0.0,0.0,0.0,0.0,0.0,0.0
0.015,0.0,0.7,0.7,0.7,0.7,0.7,0.0,0.0,0.0,0.0,0.0,0.0
0.022,0.0,0.7,0.7,1.3,1.3,1.3,0.0,0.0,0.0,0.0,0.0,0.0
0.029,0.0,1.3,1.3,1.3,1.3,1.3,0.0,0.0,0.0,0.0,0.0,0.0
0.036,0.0,1.3,1.3,1.3,2.0,2.0,0.0,0.0,0.0,0.7,0.7,0.0
0.043,0.0,1.3,2.0,2.0,2.0,2.0,0.0,0.7,0.0,0.7,0.7,0.7
0.050,0.0,2.0,2.0,2.0,2.0,2.7,0.0,0.7,0.7,0.7,1.3,0.7
0.057,0.0,2.0,2.0,2.7,2.7,2.7,0.0,1.3,1.3,1.3,1.3,1.3
0.064,0.0,2.0,2.7,2.7,2.7,2.7,0.0,1.3,1.3,1.3,1.3,1.3
0.071,0.0,2.7,2.7,2.7,3.3,3.3,0.0,1.3,1.3,2.0,1.3,2.0
0.078,0.0,2.7,2.7,2.7,3.3,3.3,0.0,1.3,1.3,2.0,2.0,2.0
0.085,0.0,2.7,2.7,3.3,3.3,3.3,0.0,1.3,2.0,2.0,2.0,2.0
0.092,0.7,2.7,3.3,3.3,3.3,3.3,0.0,2.0,2.0,2.0,2.0,2.7
0.099,0.7,3.3,3.3,3.3,4.0,4.0,0.0,2.0,2.0,2.0,2.0,2.7
0.106,0.7,3.3,3.3,3.3,4.0,4.0,0.0,2.0,2.0,2.0,2.7,2.7
0.113,0.7,3.3,3.3,4.0,4.0,4.0,0.0,2.7,2.0,2.7,2.7,2.7
0.120,1.3,3.3,3.3,4.0,4.0,4.0,0.0,2.7,2.0,2.7,2.7,3.3
0.127,1.3,4.0,3.3,4.0,4.0,4.0,0.0,2.7,2.0,2.7,2.7,3.3
0.134,1.3,4.0,3.3,4.0,4.0,4.0,0.0,2.7,2.0,2.7,2.7,3.3
0.141,2.0,4.0,3.3,4.0,4.0,4.0,0.7,2.7,2.0,2.7,3.3,3.3
0.148,2.0,4.0,3.3,4.0,4.0,4.0,0.7,3.3,2.0,3.3,3.3,3.3
0.155,2.0,4.0,3.3,4.0,4.0,4.0,0.7,3.3,2.0,3.3,3.3,3.3
0.162,2.0,4.0,3.3,4.0,4.0,4.0,1.3,3.3,2.0,3.3,3.3,3.3
0.169,2.7,4.0,3.3,3.3,4.0,4.0,1.3,3.3,2.7,3.3,3.3,3.3
0.176,2.7,4.0,3.3,3.3,4.0,4.0,1.3,3.3,2.7,3.3,3.3,3.3
0.183,2.7,4.0,3.3,3.3,4.0,3.3,2.0,3.3,2.7,3.3,3.3,3.3
0.190,2.7,4.0,3.3,3.3,3.3,3.3,2.0,3.3,2.7,3.3,3.3,3.3
0.197,3.3,4.0,3.3,3.3,3.3,3.3,2.0,3.3,2.7,3.3,3.3,3.3
0.204,3.3,3.3,2.7,3.3,3.3,3.3,2.7,3.3,2.7,3.3,3.3,3.3
0.211,3.3,3.3,2.7,2.7,3.3,3.3,2.7,4.0,2.7,3.3,3.3,3.3
0.218,3.3,3.3,2.7,2.7,3.3,2.7,2.7,3.3,2.7,3.3,3.3,3.3
0.225,3.3,2.7,2.7,2.7,2.7,2.7,2.7,3.3,2.7,2.7,3.3,3.3
0.232,3.3,2.7,2.7,2.7,2.7,2.7,3.3,3.3,2.7,2.7,3.3,3.3
0.239,3.3,2.0,2.0,2.7,2.7,2.7,3.3,3.3,2.7,2.7,3.3,3.3
0.246,3.3,2.0,2.0,2.0,2.7,2.7,3.3,2.7,2.7,2.7,2.7,2.7
0.253,3.3,1.3,2.0,2.0,2.0,2.0,3.3,2.7,2.7,2.7,2.7,2.7
0.260,2.7,1.3,1.3,2.0,2.0,2.0,3.3,2.7,2.7,2.7,2.7,2.7
0.267,2.7,0.7,1.3,2.0,2.0,2.0,3.3,2.0,2.7,2.7,2.7,2.7
0.274,2.7,0.0,1.3,1.3,2.0,2.0,3.3,2.0,2.0,2.7,2.7,2.7
0.281,2.0,0.0,0.7,1.3,1.3,2.0,3.3,2.0,2.0,2.0,2.0,2.7
0.288,2.0,-0.7,0.7,1.3,1.3,2.0,3.3,1.3,2.0,2.0,2.0,2.7
0.295,2.0,-1.3,0.7,1.3,1.3,2.0,2.7,0.7,2.0,2.0,2.0,2.0
0.302,1.3,-2.0,0.0,0.7,1.3,1.3,2.7,0.7,1.3,2.0,2.0,2.0
0.309,0.7,-2.7,0.0,0.7,1.3,1.3,2.7,0.0,1.3,2.0,1.3,2.0
0.316,0.7,-3.3,0.0,0.7,1.3,1.3,2.7,-0.7,1.3,2.0,1.3,2.0
0.323,0.0,-4.0,0.0,0.7,0.7,1.3,2.0,-0.7,1.3,1.3,1.3,2.0
0.330,0.0,-4.7,0.0,0.0,0.7,1.3,2.0,-1.3,1.3,1.3,1.3,2.0
0.337,0.0,-5.3,-0.7,0.0,0.7,1.3,1.3,-2.0,1.3,1.3,1.3,2.0
0.344,-0.7,-6.0,-0.7,0.0,0.7,1.3,1.3,-3.3,1.3,1.3,1.3,2.0
0.351,-1.3,-6.7,-1.3,0.0,0.7,1.3,0.7,-3.3,1.3,1.3,1.3,2.0
0.358,-1.3,-8.0,-1.3,0.0,0.7,1.3,0.0,-4.0,0.7,1.3,1.3,2.0
0.365,-2.0,-8.7,-2.0,0.0,0.7,1.3,0.0,-5.3,0.7,1.3,1.3,2.0
0.372,-2.7,-9.3,-2.0,0.0,0.7,1.3,-0.7,-6.0,0.7,1.3,1.3,2.0
0.379,-3.3,-10.0,-2.7,0.0,0.7,1.3,-0.7,-6.7,0.0,1.3,1.3,2.0
0.386,-3.3,-10.7,-2.7,0.0,0.0,1.3,-1.3,-7.3,0.0,1.3,1.3,2.0
0.393,-4.0,-11.3,-3.3,0.0,0.7,1.3,-1.3,-8.0,0.0,1.3,1.3,2.0
0.400,-4.7,-12.0,-3.3,-0.7,0.0,1.3,-2.0,-9.3,-0.7,1.3,1.3,2.0
0.407,-4.7,-12.7,-4.0,-0.7,0.0,1.3,-2.7,-10.0,-1.3,0.7,1.3,2.0
0.414,-5.3,-13.3,-4.0,-0.7,0.0,1.3,-3.3,-10.7,-1.3,0.7,1.3,2.0
0.421,-6.0,-14.0,-4.7,-0.7,0.0,1.3,-4.0,-11.3,-2.0,0.7,1.3,2.0
0.428,-6.0,-14.0,-4.7,-0.7,0.0,2.0,-4.7,-12.0,-2.0,0.7,1.3,2.0
0.435,-6.7,-14.7,-5.3,-0.7,0.0,2.0,-4.7,-12.0,-2.0,0.7,1.3,2.0
0.442,-7.3,-14.7,-5.3,-0.7,0.0,2.0,-5.3,-12.7,-2.7,0.7,1.3,2.0
0.449,-7.3,-15.3,-5.3,-0.7,0.0,2.0,-5.3,-13.3,-2.7,0.7,1.3,2.0
0.456,-8.0,-15.3,-6.0,-1.3,0.0,2.0,-6.0,-14.0,-3.3,0.7,1.3,2.0
0.463,-8.0,-15.3,-6.0,-1.3,0.0,2.0,-6.7,-14.0,-4.0,0.7,1.3,2.0
0.470,-8.0,-14.7,-6.0,-1.3,0.0,2.0,-7.3,-14.7,-4.7,0.7,1.3,2.0
0.477,-8.7,-14.7,-6.0,-1.3,0.0,2.0,-7.3,-14.7,-4.7,0.0,1.3,2.0
0.484,-8.7,-14.7,-6.0,-1.3,0.0,2.0,-8.0,-14.7,-4.7,0.0,1.3,2.0
0.491,-8.7,-14.0,-6.7,-1.3,0.0,2.0,-8.0,-14.7,-5.3,0.0,1.3,2.0
0.498,-8.7,-13.3,-6.7,-1.3,0.0,2.0,-8.0,-14.7,-5.3,0.0,1.3,2.0
0.505,-8.7,-12.7,-6.0,-1.3,0.0,2.0,-8.7,-14.7,-5.3,0.0,1.3,2.0
0.512,-8.7,-12.0,-6.0,-1.3,0.0,2.0,-8.7,-14.0,-6.0,-0.7,1.3,2.0
0.519,-8.7,-11.3,-6.0,-1.3,0.0,2.0,-8.7,-13.3,-6.0,-0.7,0.7,2.0
0.526,-8.0,-10.7,-5.3,-1.3,0.0,2.0,-8.7,-13.3,-6.0,-0.7,0.7,2.0
0.533,-8.0,-9.3,-5.3,-1.3,0.0,2.0,-8.7,-12.7,-6.0,-0.7,0.7,2.0
0.540,-8.0,-8.7,-4.7,-1.3,0.0,2.0,-8.7,-12.0,-6.0,-0.7,0.7,2.0
0.547,-7.3,-7.3,-4.7,-1.3,0.0,2.0,-8.7,-11.3,-6.0,-1.3,0.7,2.0
0.554,-6.7,-6.0,-4.0,-1.3,0.0,2.0,-8.7,-10.7,-6.0,-1.3,0.7,2.0
0.561,-6.7,-4.7,-3.3,-0.7,0.0,2.0,-8.7,-10.0,-6.0,-1.3,0.7,2.0
0.568,-6.0,-3.3,-2.7,-0.7,0.0,1.3,-8.0,-8.0,-5.3,-1.3,0.7,2.0
0.575,-5.3,-1.3,-2.0,-0.7,0.0,1.3,-7.3,-7.3,-5.3,-1.3,0.7,2.0
0.582,-4.7,0.0,-1.3,-0.7,0.0,1.3,-7.3,-6.0,-4.7,-1.3,0.7,2.0
0.589,-3.3,0.7,0.0,0.0,0.0,1.3,-6.7,-4.7,-4.0,-1.3,0.0,2.0
0.596,-2.7,2.7,0.0,0.0,0.0,1.3,-6.7,-3.3,-4.0,-1.3,0.0,2.0
0.603,-2.0,4.0,1.3,0.0,0.0,0.7,-6.0,-2.0,-4.0,-1.3,0.0,2.0
0.610,-1.3,6.0,2.0,0.0,0.0,0.7,-5.3,-1.3,-3.3,-1.3,0.0,2.0
0.617,0.0,7.3,3.3,0.7,0.0,0.7,-4.7,0.0,-2.7,-1.3,0.0,1.3
0.624,0.7,9.3,4.7,1.3,0.0,0.7,-2.7,2.0,-2.0,-1.3,-0.7,1.3
0.631,1.3,10.7,6.0,1.3,0.0,0.0,-2.0,3.3,-0.7,-1.3,-0.7,1.3
0.638,2.7,12.7,6.7,2.0,0.0,0.0,-1.3,5.3,0.0,-1.3,-0.7,0.7
0.645,4.0,14.0,8.0,2.7,0.0,0.0,0.0,6.7,0.7,-1.3,-1.3,0.0
0.652,4.7,15.3,9.3,3.3,0.0,0.0,0.7,8.0,2.0,-1.3,-1.3,-0.7
0.659,6.0,16.7,10.7,4.0,0.0,0.0,1.3,9.3,2.7,-1.3,-1.3,-0.7
0.666,7.3,18.7,12.0,4.7,0.0,-0.7,2.0,10.7,3.3,-1.3,-1.3,-0.7
0.673,8.7,19.3,13.3,5.3,0.0,-0.7,3.3,12.0,4.0,-1.3,-2.0,-1.3
0.680,10.0,20.7,14.7,6.0,0.0,-1.3,4.0,14.7,6.0,-0.7,-2.0,-1.3
0.687,10.7,22.0,15.3,6.7,0.0,-1.3,6.7,16.0,6.7,0.0,-2.0,-2.0
0.694,12.0,23.3,16.7,7.3,0.0,-2.0,7.3,17.3,8.0,0.0,-2.0,-2.0
0.701,13.3,24.0,18.0,8.0,0.0,-2.0,8.7,18.0,8.7,0.7,-2.0,-2.7
0.708,14.7,24.7,18.7,8.7,0.0,-2.7,10.0,19.3,10.0,1.3,-2.0,-2.7
0.715,15.3,26.0,19.3,9.3,0.0,-2.7,10.7,20.0,10.7,1.3,-2.0,-2.7
0.722,16.7,26.0,20.7,10.0,0.0,-2.7,12.0,20.7,11.3,2.0,-2.0,-3.3
0.729,17.3,26.7,21.3,10.7,0.0,-3.3,12.7,22.0,13.3,2.7,-2.0,-4.0
0.736,18.7,27.3,22.0,11.3,0.0,-4.0,14.7,23.3,14.0,4.0,-2.0,-4.0
0.743,19.3,27.3,22.7,12.0,0.0,-4.0,16.0,24.0,15.3,4.7,-2.0,-4.7
0.750,20.0,27.3,23.3,12.0,0.0,-4.0,16.7,24.0,16.7,6.0,-2.0,-4.7
0.757,20.7,27.3,23.3,12.7,0.7,-4.7,18.0,24.7,17.3,6.7,-2.0,-5.3
0.764,21.3,27.3,24.0,13.3,0.7,-4.7,18.7,24.7,18.7,7.3,-2.0,-5.3
0.771,22.0,27.3,24.0,14.0,0.7,-5.3,19.3,25.3,19.3,8.0,-2.0,-5.3
0.778,22.0,26.7,24.0,14.0,0.7,-5.3,20.0,25.3,20.0,8.7,-2.0,-5.3
0.785,22.7,26.0,24.0,14.7,0.7,-5.3,20.7,25.3,21.3,10.0,-2.0,-6.0
0.792,22.7,25.3,24.0,14.7,1.3,-6.0,21.3,25.3,22.0,11.3,-2.0,-6.0
0.799,22.7,24.7,23.3,15.3,1.3,-6.0,22.0,25.3,22.0,12.0,-2.0,-6.0
0.806,22.7,23.3,22.7,15.3,1.3,-6.0,22.0,25.3,22.7,12.7,-1.3,-6.0
0.813,22.0,22.7,22.7,15.3,2.0,-6.0,22.7,24.7,22.7,13.3,-1.3,-6.0
0.820,22.0,21.3,22.0,15.3,2.0,-6.7,22.7,24.7,22.7,14.0,-0.7,-6.7
0.827,21.3,20.0,21.3,14.7,2.0,-6.7,22.7,24.0,22.7,14.7,-0.7,-6.7
0.834,20.7,18.7,20.0,14.7,2.0,-6.7,22.7,23.3,22.7,14.7,0.0,-6.7
0.841,20.0,17.3,19.3,14.7,2.0,-6.7,22.7,22.7,22.7,14.7,0.7,-6.7
0.848,19.3,16.0,18.0,14.0,2.0,-6.7,22.0,20.7,21.3,14.7,1.3,-6.7
0.855,18.7,14.0,16.7,13.3,2.7,-6.7,21.3,19.3,21.3,14.7,1.3,-6.7
0.862,17.3,12.7,15.3,12.7,2.7,-6.7,20.7,18.7,20.7,14.7,2.0,-6.7
0.869,16.0,10.7,14.0,12.0,2.7,-6.7,20.0,17.3,20.0,14.0,2.0,-6.7
0.876,14.7,8.7,12.7,11.3,2.7,-6.7,19.3,16.7,19.3,14.0,2.0,-6.7
0.883,13.3,7.3,11.3,10.7,2.7,-6.7,18.7,15.3,18.7,14.0,2.7,-6.7
0.890,12.0,5.3,9.3,9.3,2.7,-6.0,18.0,14.7,18.0,14.0,2.7,-6.7
0.897,10.7,3.3,8.0,8.7,2.0,-6.0,17.3,13.3,16.0,14.0,3.3,-6.7
0.904,8.7,1.3,6.0,7.3,2.0,-6.0,14.7,10.7,15.3,14.0,3.3,-6.7
0.911,7.3,0.0,4.7,6.0,2.0,-5.3,13.3,9.3,14.7,13.3,3.3,-6.7
0.918,5.3,-2.0,2.7,4.7,2.0,-5.3,12.0,8.0,13.3,12.7,3.3,-6.0
0.925,4.0,-4.0,0.7,3.3,1.3,-5.3,10.7,7.3,12.7,12.7,4.0,-5.3
0.932,2.0,-6.0,-0.7,2.0,1.3,-4.7,8.7,6.0,12.7,12.0,4.0,-4.7
0.939,0.0,-7.3,-2.0,0.7,0.7,-4.7,7.3,4.7,12.0,11.3,4.0,-4.7
0.946,-1.3,-9.3,-4.0,0.0,0.7,-4.0,6.0,3.3,11.3,11.3,4.7,-3.3
0.953,-3.3,-11.3,-6.0,-1.3,0.0,-4.0,2.7,0.7,10.7,11.3,4.7,-2.7
0.960,-5.3,-13.3,-8.0,-3.3,0.0,-3.3,0.7,-0.7,10.7,11.3,4.7,-2.7
0.967,-7.3,-14.7,-9.3,-4.7,-0.7,-2.7,-0.7,-2.0,10.0,11.3,4.7,-2.0
0.974,-9.3,-16.7,-11.3,-6.7,-0.7,-2.7,-2.7,-3.3,10.0,11.3,4.7,-2.0
0.981,-10.7,-18.7,-13.3,-8.0,-1.3,-2.0,-4.0,-4.7,9.3,11.3,4.7,-1.3
0.988,-12.7,-20.0,-15.3,-9.3,-2.0,-1.3,-6.0,-6.0,8.7,11.3,4.7,-1.3
0.996,-14.7,-21.3,-16.7,-11.3,-3.3,-1.3,-8.7,-8.7,8.0,11.3,4.0,-0.7
1.003,-16.7,-22.7,-18.7,-12.7,-4.0,-0.7,-10.7,-10.7,8.0,10.7,4.0,-0.7
1.011,-18.0,-24.0,-20.0,-14.7,-4.7,0.0,-12.0,-12.0,7.3,10.7,3.3,0.0
1.018,-20.0,-25.3,-21.3,-16.0,-5.3,0.0,-13.3,-13.3,6.7,10.7,3.3,0.0
1.025,-21.3,-26.7,-22.7,-17.3,-6.0,0.0,-14.7,-15.3,6.0,10.7,2.0,0.7
1.032,-22.7,-27.3,-24.0,-18.7,-7.3,0.7,-16.0,-18.0,4.7,10.0,1.3,1.3
1.039,-24.0,-28.0,-25.3,-20.0,-8.0,0.7,-19.3,-20.0,4.0,9.3,1.3,1.3
1.046,-24.7,-28.7,-26.0,-21.3,-8.7,1.3,-20.7,-21.3,3.3,9.3,0.7,2.0
1.053,-26.0,-29.3,-26.7,-22.7,-10.0,1.3,-22.0,-22.7,2.7,8.7,0.0,2.0
1.060,-26.7,-29.3,-28.0,-23.3,-10.7,2.0,0.0,-22.7,-24.7,2.0,8.7,-0.7
1.065,-27.3,-30.0,-28.0,-24.0,-11.3,2.0,-24.0,-25.3,0.7,8.0,-1.3,2.7
1.072,-28.0,-30.0,-28.7,-24.7,-12.0,2.7,-24.7,-26.7,-26.7,0.0,7.3,0.0
1.078,-28.7,-30.0,-29.3,-25.3,-12.7,2.7,0.0,-25.3,-27.3,-1.3,7.3,-2.7
1.083,-28.7,-30.0,-29.3,-26.0,-13.3,2.7,-26.7,-28.0,-2.0,6.7,-3.3,3.3
1.090,-29.3,-30.0,-29.3,-26.7,-14.7,2.7,-27.3,-28.7,-3.3,6.0,-4.0,3.3
1.097,-29.3,-29.3,-29.3,-27.3,-15.3,3.3,-28.0,-28.7,-4.7,4.7,-6.0,4.0
1.104,-29.3,-28.7,-29.3,-27.3,-16.0,3.3,-28.0,-28.7,-28.7,-8.0,3.3,-6.7
1.110,-28.7,-28.7,-29.3,-28.0,-16.7,3.3,-28.7,-28.7,-9.3,2.0,-7.3,4.0
1.117,-28.7,-27.3,-29.3,-28.0,-17.3,3.3,-29.3,-28.7,-11.3,1.3,-8.7,4.7
1.124,-28.0,-26.7,-28.7,-28.0,-17.3,3.3,-29.3,-28.0,-12.7,0.0,-9.3,4.7
1.131,-27.3,-26.0,-28.0,-28.0,-18.0,3.3,-28.7,-27.3,-14.7,-0.7,-10.7,4.7
1.138,-26.7,-24.7,-27.3,-27.3,-18.7,3.3,-28.7,-26.7,-16.0,-2.0,-11.3,4.7
1.145,-26.0,-24.0,-26.7,-27.3,-18.7,2.7,-28.0,-26.0,-17.3,-3.3,-12.7,4.7
1.152,-24.7,-22.7,-26.0,-26.7,-18.7,2.7,-27.3,-25.3,-19.3,-4.7,-13.3,4.7
1.159,-24.0,-21.3,-25.3,-26.0,-19.3,2.7,-27.3,-24.7,-20.7,-6.0,-14.7,4.7
1.166,-22.7,-20.0,-24.0,-25.3,-19.3,2.7,-26.7,-24.0,-23.3,-8.7,-15.3,4.7
1.173,-20.7,-18.0,-22.7,-24.7,-19.3,2.0,-24.7,-21.3,-24.0,-10.0,-16.0,4.7
1.180,-19.3,-16.7,-21.3,-24.0,-19.3,2.0,-23.3,-20.0,-24.0,-11.3,-16.7,4.7
1.187,-18.0,-14.7,-20.0,-23.3,-19.3,2.0,-22.0,-18.7,-23.3,-13.3,-16.7,4.0
1.194,-16.0,-13.3,-18.7,-22.0,-18.7,1.3,-20.7,-17.3,-22.7,-14.7,-17.3,4.0
1.201,-14.7,-11.3,-17.3,-20.7,-18.7,0.7,-19.3,-16.7,-22.0,-16.7,-17.3,4.0
1.208,-12.7,-10.0,-15.3,-19.3,-18.0,0.7,-18.0,-15.3,-20.7,-18.7,-17.3,3.3
1.215,-10.7,-8.0,-14.0,-18.0,-17.3,0.0,-17.3,-14.7,-20.0,-20.7,-17.3,3.3
1.222,-8.7,-6.0,-12.0,-16.7,-16.7,0.0,-16.0,-13.3,-18.7,-21.3,-17.3,2.0
1.229,-6.7,-4.0,-10.0,-15.3,-16.0,0.0,-13.3,-10.7,-16.0,-20.7,-17.3,1.3
1.236,-4.7,-2.0,-8.7,-14.0,-15.3,0.0,-11.3,-9.3,-14.7,-19.3,-17.3,1.3
1.243,-2.0,0.0,-6.7,-12.0,-14.0,-0.7,-9.3,-7.3,-13.3,-18.0,-16.7,0.7
1.250,0.0,1.3,-4.7,-10.7,-13.3,-0.7,-7.3,-6.0,-12.7,-17.3,-16.0,0.7
1.257,1.3,3.3,-2.7,-8.7,-12.0,-1.3,-5.3,-4.0,-12.0,-16.7,-16.0,0.7
1.264,3.3,5.3,-1.3,-7.3,-11.3,-1.3,-3.3,-2.7,-11.3,-16.7,-16.0,0.0
1.271,6.0,6.7,0.0,-5.3,-10.0,-2.0,-2.0,-2.0,-11.3,-16.0,-16.0,0.0
1.278,8.0,8.7,2.0,-3.3,-8.7,-2.0,-16.0,0.0,-0.7,-10.7,-16.0,-16.0
1.283,9.3,10.0,3.3,-2.0,-7.3,-2.0,1.3,0.7,-10.0,-15.3,-16.0,-16.0
1.290,11.3,12.0,5.3,0.0,-6.0,-2.0,-16.0,3.3,2.0,-10.0,-15.3,-16.0
1.296,13.3,13.3,7.3,0.7,-4.7,-2.7,-16.0,5.3,3.3,-10.0,-15.3,-16.0
1.302,14.7,15.3,8.7,2.7,-3.3,-2.7,6.7,4.7,-9.3,-15.3,-16.0,-4.7
1.310,17.3,16.7,10.7,4.0,-2.0,-2.7,10.7,8.0,-9.3,-9.3,-15.3,-5.3
1.319,19.3,18.7,12.7,6.7,0.0,-2.0,12.7,9.3,-9.3,-15.3,-16.0,-5.3
1.330,22.0,21.3,15.3,9.3,2.0,-2.0,16.0,12.7,-8.7,-15.3,-16.0,-5.3
1.337,23.3,22.0,17.3,11.3,3.3,-1.3,17.3,14.0,-8.7,-15.3,-16.0,-5.3
1.344,24.7,23.3,18.7,12.7,5.3,-1.3,19.3,15.3,-8.0,-15.3,-16.0,-5.3
1.351,26.0,24.7,20.0,14.7,6.7,-0.7,20.7,17.3,-8.0,-15.3,-16.0,-5.3
1.358,26.7,26.0,21.3,16.0,8.0,0.0,22.0,18.7,-7.3,-15.3,-16.0,-4.7
1.365,27.3,26.7,22.7,18.0,10.0,0.0,24.7,21.3,-6.0,-15.3,-15.3,-4.0
1.372,28.7,27.3,24.0,19.3,11.3,0.7,25.3,22.7,-5.3,-15.3,-15.3,-4.0
1.379,28.7,28.0,25.3,20.7,12.7,2.0,26.7,24.0,-4.0,-14.7,-15.3,-3.3
1.386,29.3,28.7,26.0,22.0,14.7,2.7,27.3,25.3,-3.3,-14.0,-15.3,-2.7
1.393,29.3,28.7,26.7,22.7,16.0,4.0,28.0,26.0,-2.0,-14.0,-15.3,-2.7
1.400,29.3,29.3,27.3,24.0,17.3,4.7,28.7,26.7,-0.7,-13.3,-15.3,-2.0
1.407,29.3,29.3,28.0,25.3,18.7,6.0,28.7,27.3,0.7,-12.7,-15.3,-1.3
1.414,28.7,29.3,28.7,26.0,20.0,7.3,29.3,28.0,3.3,-12.0,-15.3,0.0
1.421,28.0,29.3,28.7,26.7,20.7,8.7,29.3,28.7,4.7,-10.7,-15.3,1.3
1.428,27.3,28.7,29.3,27.3,22.0,10.0,29.3,28.7,6.0,-10.0,-15.3,2.0
1.435,26.0,28.7,29.3,28.0,22.7,11.3,28.7,28.7,8.0,-8.7,-15.3,3.3
1.442,25.3,28.0,29.3,28.7,24.0,12.7,28.0,28.7,9.3,-8.0,-15.3,4.7
1.449,24.0,27.3,29.3,28.7,24.7,14.0,27.3,28.0,11.3,-7.3,-15.3,6.0
1.456,22.7,26.7,28.7,28.7,25.3,14.7,26.7,28.0,12.7,-6.0,-15.3,6.7
1.463,20.7,26.0,28.7,29.3,26.0,16.0,26.0,28.0,14.7,-5.3,-15.3,8.0
1.470,19.3,24.7,28.0,28.7,26.7,17.3,24.7,27.3,16.0,-4.0,-14.7,10.7
1.477,17.3,23.3,27.3,28.7,27.3,18.7,24.0,26.0,19.3,-2.0,-14.7,12.0
1.484,15.3,22.0,26.7,28.7,27.3,20.0,20.7,25.3,21.3,-1.3,-14.0,13.3
1.491,13.3,21.3,26.0,28.0,28.0,20.7,19.3,24.0,22.7,0.0,-14.0,14.7
1.498,11.3,19.3,24.7,28.0,28.0,22.0,17.3,22.7,24.0,1.3,-13.3,16.0
1.505,9.3,18.0,24.0,27.3,28.0,22.7,15.3,22.0,24.7,2.0,-12.7,16.7
1.512,6.7,16.7,22.7,26.0,28.0,23.3,13.3,20.7,25.3,3.3,-12.0,18.0
1.519,4.7,14.7,21.3,25.3,27.3,24.0,12.0,20.0,25.3,4.7,-10.7,19.3
1.526,2.7,12.7,20.0,24.7,27.3,24.7,10.0,18.7,24.0,8.0,-9.3,20.7
1.533,0.0,11.3,18.7,23.3,26.7,25.3,6.7,16.0,22.7,10.0,-8.7,21.3
1.540,-1.3,9.3,16.7,22.0,26.0,25.3,4.0,14.7,21.3,12.0,-7.3,22.0
1.547,-4.0,7.3,15.3,21.3,25.3,26.0,2.0,12.7,20.0,14.0,-6.0,22.7
1.554,-6.0,5.3,13.3,20.0,24.7,26.0,0.0,11.3,18.7,16.0,-4.7,23.3
1.561,-8.0,3.3,12.0,18.0,23.3,26.0,-1.3,10.7,17.3,18.0,-2.7,23.3
1.568,-10.0,1.3,10.0,16.7,22.7,26.0,-3.3,9.3,16.0,19.3,-1.3,24.0
1.575,-12.7,0.0,8.0,15.3,21.3,25.3,-4.7,8.0,14.7,20.0,2.0,24.7
1.582,-14.0,-1.3,6.7,13.3,20.0,24.7,-6.7,6.0,12.0,18.7,4.0,24.7
1.589,-16.0,-3.3,4.7,12.0,19.3,24.7,-10.0,2.7,10.0,18.0,6.0,24.7
1.596,-18.0,-5.3,2.7,10.0,17.3,24.0,-12.0,0.7,8.7,16.0,8.0,24.7
1.603,-20.0,-7.3,0.7,8.7,16.0,23.3,-14.0,-1.3,7.3,14.0,10.7,24.0
1.610,-21.3,-9.3,-0.7,6.7,14.7,22.0,-16.0,-2.7,6.0,12.7,13.3,24.0
1.617,-22.7,-11.3,-2.7,4.7,13.3,21.3,-18.0,-4.0,4.7,11.3,15.3,24.0
1.624,-24.0,-13.3,-4.7,2.7,11.3,20.0,-19.3,-5.3,3.3,10.0,16.7,24.0
1.631,-25.3,-15.3,-6.7,1.3,10.0,18.7,-20.7,-6.7,2.7,9.3,17.3,22.7
1.638,-26.7,-16.7,-8.7,0.0,8.0,18.0,-22.0,-10.7,-0.7,6.7,16.7,22.0
1.645,-27.3,-18.0,-10.0,-2.0,6.0,16.0,-24.7,-12.0,-2.0,5.3,16.7,21.3
1.652,-28.0,-20.0,-12.0,-4.0,4.7,14.7,-25.3,-14.0,-4.0,4.7,16.7,21.3
1.659,-28.7,-21.3,-14.0,-6.0,2.7,13.3,-26.7,-16.0,-5.3,4.0,16.7,21.3
1.666,-29.3,-22.7,-15.3,-8.0,0.7,12.0,-27.3,-17.3,-7.3,3.3,16.7,21.3
1.673,-29.3,-24.0,-17.3,-9.3,-0.7,10.0,-28.0,-18.7,-8.0,3.3,16.7,20.7
1.681,-29.3,-25.3,-18.7,-11.3,-2.7,8.7,-28.7,-20.0,-10.0,3.3,16.7,20.0
1.690,-29.3,-26.7,-20.7,-13.3,-4.7,6.0,-29.3,-22.0,-11.3,3.3,16.7,19.3
1.697,-29.3,-27.3,-22.0,-15.3,-6.7,4.7,-29.3,-23.3,-12.7,3.3,16.7,18.7
1.705,-29.3,-28.0,-23.3,-16.7,-8.7,2.7,-29.3,-24.0,-13.3,3.3,16.7,18.0
1.712,-28.7,-28.7,-24.7,-18.7,-10.0,0.7,-29.3,-25.3,-14.7,2.7,16.7,17.3
1.719,-28.0,-29.3,-25.3,-20.0,-12.0,-0.7,-29.3,-26.0,-16.0,2.7,16.7,15.3
1.726,-27.3,-29.3,-26.7,-21.3,-13.3,-2.0,-29.3,-26.0,-18.7,2.0,16.7,14.0
1.733,-26.7,-30.0,-27.3,-22.7,-15.3,-4.0,-28.7,-27.3,-20.0,1.3,16.7,12.7
1.740,-25.3,-30.0,-28.0,-24.0,-16.7,-6.0,-28.0,-28.0,-22.0,0.7,16.7,11.3
1.747,-24.0,-30.0,-28.7,-25.3,-18.7,-7.3,-27.3,-28.0,-22.7,0.0,16.7,10.0
1.754,-23.3,-30.0,-29.3,-26.0,-20.0,-9.3,-26.7,-28.7,-24.0,-0.7,16.7,8.7
1.761,-21.3,-29.3,-29.3,-26.7,-21.3,-11.3,-25.3,-28.7,-25.3,-2.0,16.0,7.3
1.768,-20.0,-29.3,-30.0,-28.0,-22.7,-12.7,-24.7,-28.7,-26.0,-2.7,16.0,6.0
1.775,-18.7,-28.7,-30.0,-28.7,-24.0,-14.7,-23.3,-29.3,-26.7,-4.0,16.0,3.3
1.782,-16.7,-28.0,-30.0,-28.7,-24.7,-16.0,-22.7,-28.7,-28.0,-6.0,15.3,2.0
1.789,-15.3,-26.7,-30.0,-29.3,-26.0,-18.0,-20.0,-28.7,-28.0,-7.3,15.3,0.7
1.796,-13.3,-26.0,-29.3,-30.0,-26.7,-19.3,-18.7,-28.7,-28.7,-8.7,14.7,-1.3
1.803,-12.0,-25.3,-29.3,-30.0,-27.3,-20.7,-16.7,-28.0,-28.7,-10.0,14.0,-2.7
1.810,-10.0,-24.0,-28.7,-30.0,-28.0,-22.0,-15.3,-27.3,-28.7,-11.3,13.3,-4.0
1.817,-8.0,-22.7,-28.0,-30.0,-28.7,-23.3,-14.0,-26.7,-28.7,-12.7,12.7,-6.0
1.824,-6.0,-21.3,-27.3,-30.0,-29.3,-24.0,-12.7,-26.0,-28.7,-14.0,12.0,-7.3
1.831,-4.0,-20.0,-26.7,-29.3,-29.3,-25.3,-11.3,-25.3,-28.7,-16.0,10.7,-10.7
1.838,-2.0,-18.0,-25.3,-29.3,-30.0,-26.0,-9.3,-23.3,-28.0,-19.3,9.3,-12.0
1.845,0.0,-16.7,-24.7,-28.7,-30.0,-27.3,-6.0,-22.0,-27.3,-20.7,8.7,-14.0
1.852,1.3,-14.7,-23.3,-28.0,-30.0,-28.0,-4.7,-20.7,-26.7,-22.7,7.3,-15.3
1.859,3.3,-13.3,-22.0,-27.3,-30.0,-28.7,-2.7,-19.3,-25.3,-24.0,6.0,-17.3
1.866,5.3,-11.3,-20.7,-26.7,-29.3,-29.3,-0.7,-17.3,-24.7,-25.3,4.7,-18.7
1.873,7.3,-9.3,-18.7,-25.3,-29.3,-29.3,0.7,-16.0,-23.3,-26.7,4.0,-20.7
1.880,9.3,-7.3,-17.3,-24.0,-28.7,-30.0,2.0,-14.7,-22.7,-26.7,2.7,-22.0
1.887,11.3,-5.3,-16.0,-23.3,-28.0,-30.0,4.0,-13.3,-22.0,-26.7,-0.7,-26.0
1.894,13.3,-3.3,-14.0,-22.0,-27.3,-30.0,7.3,-9.3,-19.3,-25.3,-2.0,-27.3
1.901,14.7,-1.3,-12.7,-20.7,-26.7,-30.0,9.3,-7.3,-18.0,-24.7,-4.0,-28.0
1.908,16.7,0.0,-10.7,-19.3,-26.0,-30.0,11.3,-5.3,-16.7,-23.3,-6.0,-29.3
1.915,18.0,2.0,-8.7,-17.3,-24.7,-29.3,13.3,-4.0,-15.3,-22.0,-8.0,-30.0
1.922,19.3,3.3,-6.7,-16.0,-24.0,-29.3,14.7,-2.0,-14.0,-21.3,-10.7,-30.0
1.929,20.7,6.0,-5.3,-14.7,-22.7,-28.7,16.0,-1.3,-12.7,-20.0,-13.3,-30.7
1.936,22.7,7.3,-2.7,-12.7,-21.3,-28.0,17.3,0.0,-11.3,-18.7,-15.3,-30.0
1.943,23.3,9.3,-1.3,-10.7,-20.0,-27.3,18.7,2.0,-9.3,-18.0,-20.7,-30.0
1.950,24.7,11.3,0.0,-9.3,-18.7,-26.7,20.0,5.3,-6.0,-14.7,-22.7,-29.3
1.957,25.3,13.3,2.0,-7.3,-16.7,-25.3,22.0,7.3,-4.0,-13.3,-22.7,-28.7
1.964,26.7,14.7,4.0,-5.3,-15.3,-24.7,23.3,8.7,-2.7,-12.0,-22.7,-28.0
1.971,27.3,16.7,6.0,-3.3,-13.3,-23.3,24.7,10.7,-0.7,-10.0,-22.7,-28.0
1.978,28.0,18.0,8.0,-1.3,-12.0,-22.0,25.3,12.0,0.7,-9.3,-22.0,-27.3
1.985,28.7,20.0,9.3,0.0,-10.0,-20.7,26.0,14.0,2.0,-8.7,-22.0,-27.3
1.992,28.7,21.3,11.3,1.3,-8.7,-19.3,26.7,15.3,3.3,-8.0,-22.0,-27.3
1.999,29.3,22.7,13.3,3.3,-6.7,-18.0,27.3,18.7,5.3,-7.3,-22.0,-27.3
2.007,29.3,24.0,15.3,5.3,-4.7,-16.0,28.7,20.0,6.7,-6.7,-22.0,-26.7
2.015,29.3,25.3,16.7,7.3,-2.7,-14.7,29.3,21.3,8.0,-6.7,-22.0,-26.0
2.023,28.7,26.0,18.7,9.3,0.0,-12.7,-22.0,29.3,22.7,9.3,-6.0,-22.0
2.029,28.7,26.7,20.0,11.3,0.7,-11.3,29.3,23.3,10.7,-6.0,-22.0,-24.0
2.036,28.0,27.3,21.3,12.7,2.7,-9.3,29.3,24.0,12.0,-5.3,-22.0,-23.3
2.043,27.3,28.0,22.7,14.7,4.7,-7.3,29.3,24.7,14.7,-4.0,-22.0,-21.3
2.051,26.7,28.7,24.0,16.7,6.0,-5.3,28.7,26.0,16.7,-3.3,-22.0,-20.7
2.058,26.0,29.3,24.7,18.0,8.0,-4.0,28.0,26.0,18.0,-2.7,-22.0,-19.3
2.065,25.3,29.3,26.0,19.3,10.0,-2.0,27.3,26.7,19.3,-2.0,-22.0,-18.0
2.072,24.0,29.3,26.7,20.7,12.0,0.0,26.7,27.3,20.7,-1.3,-22.0,-16.7
2.079,22.7,29.3,27.3,22.0,13.3,1.3,26.0,28.0,22.0,-0.7,-21.3,-15.3
2.086,21.3,29.3,28.0,23.3,15.3,3.3,25.3,28.0,22.7,0.0,-21.3,-13.3
2.093,20.0,28.7,28.7,24.7,16.7,5.3,24.7,28.7,24.7,2.7,-20.7,-12.0
2.100,18.7,28.0,28.7,25.3,18.0,6.7,22.7,28.7,25.3,3.3,-20.7,-10.7
2.107,17.3,28.0,29.3,26.7,20.0,8.7,21.3,28.7,26.0,4.7,-20.0,-9.3
2.114,15.3,26.7,29.3,27.3,21.3,10.0,20.0,28.0,26.7,6.0,-20.0,-8.0
2.121,14.0,26.0,29.3,28.0,22.0,12.0,18.7,28.0,27.3,7.3,-19.3,-6.0
2.128,12.0,25.3,29.3,28.0,23.3,14.0,17.3,28.0,27.3,8.7,-18.7,-4.7
2.135,10.0,24.0,28.7,28.7,24.7,15.3,16.7,27.3,28.0,10.0,-18.0,-3.3
2.142,8.0,23.3,28.7,29.3,25.3,16.7,15.3,26.7,28.0,12.0,-16.7,-0.7
2.149,6.7,22.0,28.0,29.3,26.7,18.7,13.3,25.3,28.0,14.7,-16.0,1.3
2.156,4.7,20.7,27.3,29.3,27.3,20.0,10.0,24.7,28.0,16.7,-15.3,2.7
2.163,2.7,18.7,26.7,29.3,28.0,21.3,8.7,23.3,28.0,18.0,-14.7,4.0
2.170,0.7,17.3,25.3,29.3,28.0,22.7,6.7,22.0,28.0,20.0,-13.3,6.0
2.177,-0.7,16.0,24.7,28.7,28.7,23.3,4.7,21.3,27.3,21.3,-12.7,8.0
2.184,-2.7,14.0,23.3,28.7,29.3,24.7,3.3,20.0,26.7,23.3,-11.3,9.3
2.191,-4.7,12.7,22.7,28.0,29.3,25.3,2.0,18.7,26.0,24.7,-10.7,11.3
2.198,-6.7,10.7,21.3,27.3,29.3,26.7,0.7,17.3,25.3,26.0,-8.0,14.7
2.205,-8.7,8.7,19.3,26.7,29.3,27.3,-1.3,14.0,23.3,28.0,-6.7,16.7
2.212,-10.0,6.7,18.0,25.3,29.3,28.0,-4.7,12.7,22.0,27.3,-5.3,18.0
2.219,-12.0,4.7,16.7,24.7,28.7,28.7,-6.7,10.7,20.7,27.3,-4.0,20.0
2.226,-14.0,2.7,14.7,23.3,28.7,28.7,-8.7,8.7,19.3,26.7,-2.0,22.0
2.233,-15.3,0.7,13.3,22.0,28.0,29.3,-10.0,7.3,18.7,26.0,0.0,24.0
2.240,-17.3,-0.7,11.3,20.7,27.3,29.3,-11.3,6.0,17.3,24.7,1.3,26.0
2.247,-18.7,-2.7,9.3,19.3,26.7,29.3,-12.7,4.7,16.7,24.0,3.3,27.3
2.254,-20.0,-4.7,8.0,18.0,25.3,29.3,-14.0,2.7,15.3,22.7,8.0,29.3
2.261,-22.0,-6.0,6.0,16.7,24.7,29.3,-16.7,0.0,12.7,20.7,10.0,29.3
2.268,-22.7,-8.0,4.0,14.7,23.3,28.7,-18.7,-2.0,10.7,19.3,12.7,30.0
2.275,-24.0,-10.0,2.0,13.3,22.7,28.7,-20.0,-3.3,8.7,18.0,15.3,30.0
2.282,-25.3,-12.0,0.0,11.3,21.3,28.0,-21.3,-5.3,7.3,16.7,18.0,30.0
2.289,-26.7,-14.0,-1.3,9.3,20.0,27.3,-22.0,-6.7,5.3,15.3,20.7,30.0
2.296,-27.3,-15.3,-3.3,8.0,18.7,26.7,-23.3,-8.0,4.0,14.0,22.7,29.3
2.303,-28.0,-17.3,-5.3,6.0,16.7,25.3,-24.0,-10.0,2.7,13.3,23.3,28.7
2.310,-28.7,-18.7,-6.7,4.0,15.3,24.7,-25.3,-11.3,-0.7,10.0,22.7,28.7
2.317,-29.3,-20.0,-8.7,2.0,13.3,23.3,-27.3,-15.3,-2.7,8.7,22.0,28.0
2.324,-29.3,-21.3,-10.7,0.0,12.0,22.7,-28.0,-16.7,-4.7,7.3,21.3,27.3
2.331,-30.0,-22.7,-12.7,-0.7,10.0,21.3,-28.7,-18.7,-6.7,6.0,20.7,27.3
2.338,-30.0,-24.0,-14.0,-2.7,8.7,20.0,-29.3,-20.0,-8.0,5.3,20.7,27.3
2.345,-30.0,-25.3,-16.0,-4.7,6.7,18.7,-29.3,-21.3,-9.3,4.7,20.7,27.3
2.352,-30.0,-26.0,-17.3,-6.7,4.7,16.7,-30.0,-22.7,-10.0,4.0,20.7,26.7
2.360,-29.3,-27.3,-19.3,-8.7,2.7,15.3,-30.7,-24.7,-12.7,2.7,20.7,26.0
2.368,-29.3,-28.0,-20.7,-10.7,0.7,13.3,-30.7,-25.3,-14.0,2.0,20.7,25.3
2.375,-28.7,-28.7,-22.0,-12.7,-0.7,11.3,-30.0,-26.7,-15.3,1.3,20.7,24.7
2.382,-28.0,-29.3,-23.3,-14.0,-2.7,10.0,-30.0,-27.3,-16.7,0.7,20.7,24.0
2.389,-27.3,-30.0,-24.7,-16.0,-4.7,8.0,-30.0,-30.0,-28.0,-18.0,0.0,20.7
2.395,-26.0,-30.0,-26.0,-17.3,-6.0,6.7,-29.3,-28.0,-18.7,-1.3,20.7,22.0
2.402,-25.3,-30.0,-26.7,-18.7,-8.0,4.7,-28.7,-28.7,-20.0,-2.0,20.0,20.0
2.409,-24.0,-30.0,-27.3,-20.7,-10.0,2.7,-28.0,-28.7,-22.7,-4.0,20.0,18.7
2.416,-22.7,-30.0,-28.0,-22.0,-11.3,0.7,-26.7,-29.3,-23.3,-5.3,20.0,17.3
2.423,-22.0,-29.3,-28.7,-23.3,-13.3,-0.7,-25.3,-29.3,-24.7,-6.7,19.3,16.7
2.430,-20.7,-29.3,-29.3,-24.0,-15.3,-2.0,-24.0,-29.3,-25.3,-8.0,19.3,15.3
2.437,-18.7,-28.7,-30.0,-25.3,-16.7,-4.0,-22.7,-29.3,-26.7,-8.7,18.7,14.0
2.444,-17.3,-28.0,-30.0,-26.0,-18.0,-6.0,-22.0,-29.3,-27.3,-10.0,18.7,12.7
2.451,-15.3,-27.3,-30.0,-27.3,-20.0,-8.0,-20.7,-29.3,-27.3,-11.3,18.0,11.3
2.458,-14.0,-26.7,-30.0,-28.0,-21.3,-9.3,-19.3,-28.7,-28.0,-12.7,16.7,8.0
2.465,-12.0,-25.3,-30.0,-28.7,-22.7,-11.3,-18.0,-28.0,-28.7,-16.0,16.0,6.7
2.472,-10.7,-24.0,-29.3,-29.3,-23.3,-13.3,-15.3,-27.3,-29.3,-17.3,15.3,5.3
2.479,-8.7,-23.3,-29.3,-29.3,-24.7,-14.7,-14.0,-26.7,-28.7,-18.7,14.0,4.0
2.486,-6.7,-22.0,-28.7,-30.0,-26.0,-16.7,-12.0,-25.3,-28.7,-20.7,13.3,2.0
2.493,-4.7,-20.7,-28.0,-30.0,-26.7,-18.0,-10.7,-24.7,-28.7,-22.0,12.7,0.7
2.500,-2.7,-18.7,-27.3,-30.0,-27.3,-19.3,-9.3,-24.0,-28.7,-24.0,11.3,-1.3
2.507,-0.7,-17.3,-26.7,-30.0,-28.0,-20.7,-8.0,-22.7,-28.7,-25.3,10.0,-2.7
2.514,0.7,-16.0,-25.3,-30.0,-28.7,-22.0,-6.0,-22.0,-28.7,-26.7,8.0,-6.0
2.521,2.7,-14.0,-24.7,-29.3,-29.3,-23.3,-4.7,-19.3,-27.3,-28.7,6.7,-8.0
2.528,4.0,-12.0,-23.3,-28.7,-29.3,-24.7,-0.7,-17.3,-26.7,-29.3,5.3,-9.3
2.535,6.0,-10.7,-22.0,-28.7,-30.0,-25.3,0.7,-16.0,-25.3,-28.7,4.0,-11.3
2.542,8.0,-8.7,-20.7,-28.0,-30.0,-26.7,2.7,-14.0,-24.7,-28.7,2.0,-13.3
2.549,10.0,-6.7,-19.3,-26.7,-30.0,-27.3,4.7,-12.7,-23.3,-28.7,0.7,-15.3
2.556,12.0,-4.7,-17.3,-26.0,-30.0,-28.0,6.0,-11.3,-22.7,-28.7,-1.3,-17.3
2.563,13.3,-2.7,-16.0,-24.7,-29.3,-28.7,7.3,-10.0,-22.0,-28.0,-3.3,-19.3
2.570,15.3,-0.7,-14.0,-24.0,-29.3,-29.3,9.3,-8.7,-21.3,-27.3,-7.3,-23.3
2.577,16.7,0.7,-12.7,-22.7,-28.7,-29.3,10.7,-5.3,-18.7,-26.0,-9.3,-25.3
2.584,18.0,2.7,-10.7,-21.3,-28.0,-30.0,13.3,-3.3,-17.3,-24.7,-11.3,-27.3
2.591,20.0,4.0,-8.7,-20.0,-27.3,-30.0,14.7,-1.3,-15.3,-24.0,-13.3,-28.7
2.598,21.3,6.0,-6.7,-18.7,-26.7,-30.0,16.7,0.0,-14.0,-22.7,-16.0,-29.3
2.605,22.7,8.0,-5.3,-16.7,-26.0,-30.0,18.0,1.3,-12.0,-21.3,-18.0,-30.0
2.612,23.3,10.0,-3.3,-15.3,-24.7,-30.0,18.7,2.7,-10.7,-20.0,-20.7,-30.7
2.619,24.7,12.0,-1.3,-13.3,-23.3,-29.3,20.0,4.0,-9.3,-19.3,-22.7,-30.7
2.626,26.0,13.3,0.0,-12.0,-22.0,-28.7,21.3,5.3,-7.3,-18.0,-26.0,-30.7
2.633,26.7,15.3,2.0,-10.0,-20.7,-28.7,22.7,9.3,-4.0,-15.3,-25.3,-30.7
2.640,27.3,16.7,4.0,-8.0,-19.3,-28.0,24.7,10.7,-2.0,-14.0,-25.3,-30.0
2.647,28.0,18.7,6.0,-6.0,-18.0,-26.7,25.3,12.7,0.0,-12.0,-25.3,-30.0
2.654,28.7,20.0,8.0,-4.7,-16.7,-26.0,26.0,14.7,2.0,-10.7,-24.7,-30.0
2.661,28.7,21.3,9.3,-2.7,-14.7,-25.3,27.3,16.7,3.3,-9.3,-24.7,-30.0
2.668,29.3,22.7,11.3,-0.7,-13.3,-24.0,28.0,18.0,4.7,-8.7,-24.0,-30.0
2.675,29.3,23.3,13.3,0.7,-11.3,-22.7,28.0,20.0,5.3,-8.7,-24.0,-30.0
2.682,29.3,24.7,14.7,2.7,-10.0,-21.3,28.7,21.3,6.7,-8.0,-24.0,-29.3
2.689,29.3,26.0,16.7,4.0,-8.0,-20.0,29.3,23.3,9.3,-6.7,-24.0,-28.7
2.697,28.7,26.7,18.0,6.7,-6.0,-18.7,30.0,24.7,10.7,-6.0,-24.0,-28.0
2.704,28.7,27.3,19.3,8.0,-4.0,-17.3,30.0,25.3,12.7,-5.3,-24.0,-27.3
2.711,28.0,28.0,20.7,10.0,-2.0,-15.3,29.3,26.0,14.0,-4.7,-24.0,-26.7
2.718,27.3,28.7,22.7,12.0,0.0,-14.0,29.3,26.7,15.3,-4.0,-24.0,-25.3
2.725,26.7,28.7,23.3,13.3,0.7,-12.0,29.3,27.3,16.7,-2.7,-24.0,-24.7
2.732,26.0,29.3,24.7,15.3,2.7,-10.0,28.7,27.3,18.0,-2.0,-24.0,-22.7
2.739,24.7,29.3,25.3,16.7,4.7,-8.7,28.0,28.0,20.7,0.0,-24.0,-22.0
2.746,24.0,29.3,26.7,18.7,6.7,-6.7,26.7,28.0,21.3,1.3,-24.0,-20.7
2.753,22.7,29.3,27.3,20.0,8.7,-4.7,26.0,28.7,22.7,2.0,-24.0,-19.3
2.760,21.3,28.7,28.0,21.3,10.0,-2.7,25.3,28.7,23.3,3.3,-24.0,-18.0
2.767,20.0,28.7,28.7,22.7,12.0,-0.7,24.0,28.7,24.7,4.7,-23.3,-16.7
2.774,18.7,28.0,28.7,23.3,13.3,0.0,22.7,28.7,25.3,6.0,-23.3,-15.3
2.781,17.3,27.3,29.3,24.7,15.3,2.0,22.0,28.7,26.0,7.3,-22.7,-14.0
2.788,15.3,26.7,29.3,25.3,16.7,4.0,20.7,28.7,26.7,8.7,-22.0,-11.3
2.795,14.0,26.0,29.3,26.7,18.7,6.0,19.3,28.7,27.3,12.0,-21.3,-10.0
2.802,12.0,24.7,29.3,27.3,20.0,7.3,16.7,27.3,28.0,13.3,-20.7,-8.7
2.809,10.0,24.0,29.3,28.0,21.3,9.3,15.3,26.7,28.0,14.7,-20.0,-6.7
2.816,8.7,22.7,28.7,28.7,22.7,11.3,14.0,26.0,28.0,16.7,-19.3,-5.3
2.823,6.7,21.3,28.0,28.7,23.3,12.7,12.0,25.3,28.0,18.0,-18.7,-4.0
2.830,4.7,20.0,27.3,29.3,24.7,14.7,10.7,24.7,28.0,19.3,-17.3,-2.0
2.837,2.7,18.7,26.7,29.3,25.3,16.0,9.3,24.0,28.0,21.3,-16.7,-0.7
2.844,0.7,16.7,26.0,29.3,26.7,18.0,8.0,22.7,28.0,22.7,-14.7,2.7
2.851,-0.7,15.3,25.3,29.3,27.3,19.3,6.0,21.3,27.3,26.0,-14.0,4.0
2.858,-2.0,14.0,24.0,29.3,28.0,20.7,2.7,18.7,26.7,27.3,-12.7,6.0
2.865,-4.0,12.0,23.3,28.7,28.7,22.0,1.3,17.3,26.0,28.0,-12.0,7.3
2.872,-6.0,10.0,22.0,28.0,28.7,23.3,-0.7,15.3,24.7,28.7,-10.7,9.3
2.879,-8.0,8.0,20.7,28.0,29.3,24.0,-2.7,14.0,24.0,28.7,-8.7,11.3
2.886,-10.0,6.7,19.3,27.3,29.3,25.3,-4.0,12.7,23.3,28.7,-7.3,13.3
2.893,-11.3,4.7,17.3,26.0,29.3,26.0,-5.3,11.3,22.7,28.7,-6.0,15.3
2.900,-13.3,2.7,16.0,25.3,29.3,26.7,-7.3,9.3,22.0,28.0,-2.0,19.3
2.907,-15.3,0.7,14.0,24.0,29.3,27.3,-8.7,8.0,20.0,26.7,-0.7,21.3
2.914,-16.7,-0.7,12.7,23.3,28.7,28.0,-12.0,5.3,18.7,26.0,1.3,23.3
2.921,-18.0,-2.7,10.7,22.0,28.0,28.7,-13.3,3.3,17.3,25.3,3.3,25.3
2.928,-20.0,-4.7,8.7,20.7,28.0,28.7,-14.7,2.0,15.3,24.0,5.3,26.7
2.935,-21.3,-6.7,7.3,19.3,27.3,29.3,-16.0,0.7,14.0,23.3,7.3,27.3
2.942,-22.7,-8.0,5.3,18.0,26.0,29.3,-18.0,-0.7,12.7,22.0,10.0,28.7
2.949,-24.0,-10.0,3.3,16.0,25.3,29.3,-18.7,-2.0,10.7,21.3,12.0,29.3
2.956,-24.7,-12.0,1.3,14.7,24.7,29.3,-20.0,-3.3,9.3,20.0,17.3,30.0
2.963,-26.0,-14.0,0.0,12.7,23.3,28.7,-21.3,-7.3,6.0,17.3,20.0,30.0
2.970,-26.7,-15.3,-1.3,11.3,22.0,28.7,-23.3,-9.3,4.0,16.0,22.0,30.0
2.977,-28.0,-17.3,-3.3,9.3,20.7,28.0,-24.7,-11.3,2.7,14.7,24.0,30.0
2.984,-28.7,-18.7,-5.3,7.3,19.3,27.3,-26.0,-13.3,0.7,13.3,24.7,29.3
2.991,-28.7,-20.0,-7.3,5.3,18.0,26.7,-26.7,-14.7,-0.7,11.3,24.7,29.3
2.998,-29.3,-21.3,-9.3,3.3,16.7,26.0,-27.3,-16.0,-2.0,10.0,24.0,29.3
3.005,-30.0,-22.7,-11.3,2.0,14.7,24.7,-28.0,-17.3,-4.0,8.7,23.3,29.3
3.012,-30.0,-24.0,-12.7,0.0,13.3,24.0,-28.7,-18.7,-5.3,8.0,22.7,29.3
3.019,-30.0,-25.3,-14.7,-1.3,11.3,22.7,-28.7,-22.0,-8.7,6.0,22.0,28.7
3.026,-30.0,-26.0,-16.0,-3.3,9.3,21.3,-30.0,-23.3,-10.7,4.7,22.0,28.7
3.033,-30.0,-27.3,-18.0,-5.3,8.0,20.0,-30.0,-24.7,-12.0,4.0,21.3,28.7
3.040,-29.3,-28.0,-19.3,-7.3,6.0,18.7,-30.7,-26.0,-13.3,3.3,21.3,28.0
3.048,-29.3,-28.7,-20.7,-9.3,4.0,17.3,-30.7,-27.3,-14.7,2.0,21.3,27.3
3.055,-28.7,-29.3,-22.0,-10.7,2.0,15.3,-30.7,-28.0,-15.3,1.3,21.3,26.7
3.062,-28.0,-29.3,-23.3,-12.7,0.0,14.0,-30.0,-28.7,-18.0,-0.7,21.3,25.3
3.070,-26.7,-30.0,-24.7,-14.7,-1.3,12.0,-29.3,-29.3,-19.3,-1.3,21.3,24.7
3.077,-26.0,-30.0,-26.0,-16.0,-3.3,10.0,-29.3,-29.3,-20.7,-2.7,21.3,23.3
3.084,-24.7,-30.0,-26.7,-18.0,-5.3,8.7,-28.7,-30.0,-22.0,-4.0,21.3,22.7
3.091,-24.0,-30.0,-28.0,-19.3,-7.3,6.7,-27.3,-30.0,-22.7,-5.3,21.3,21.3
3.098,-22.7,-30.0,-28.7,-20.7,-8.7,4.7,-26.7,-30.0,-24.0,-6.7,20.7,20.7
3.105,-21.3,-29.3,-28.7,-22.0,-10.7,2.7,-26.0,-30.0,-24.7,-8.0,20.0,18.0
3.112,-20.0,-28.7,-29.3,-23.3,-12.7,0.7,-24.7,-30.0,-26.7,-10.7,19.3,16.7
3.119,-18.0,-28.0,-30.0,-24.7,-14.0,0.0,-22.7,-29.3,-27.3,-12.0,19.3,15.3
3.126,-16.7,-27.3,-30.0,-25.3,-16.0,-2.0,-21.3,-29.3,-28.0,-13.3,18.7,14.0
3.133,-15.3,-26.7,-30.0,-26.7,-17.3,-4.0,-20.0,-28.7,-28.0,-14.7,18.0,12.7
3.140,-13.3,-26.0,-30.0,-27.3,-18.7,-6.0,-18.0,-28.0,-28.7,-16.0,17.3,11.3
3.147,-12.0,-24.7,-30.0,-28.0,-20.7,-8.0,-16.7,-27.3,-28.7,-18.0,16.7,10.0
3.154,-10.0,-23.3,-29.3,-28.7,-22.0,-10.0,-15.3,-27.3,-29.3,-19.3,16.0,8.7
3.161,-8.0,-22.0,-29.3,-29.3,-23.3,-11.3,-14.0,-26.7,-29.3,-21.3,14.0,5.3
3.168,-6.0,-20.7,-28.7,-29.3,-24.0,-13.3,-12.7,-24.7,-29.3,-24.7,13.3,4.0
3.175,-4.0,-19.3,-28.0,-30.0,-25.3,-14.7,-10.0,-23.3,-28.7,-26.0,12.0,2.0
3.182,-2.7,-18.0,-27.3,-30.0,-26.0,-16.7,-8.0,-22.7,-28.7,-27.3,11.3,0.7
3.189,-0.7,-16.0,-26.0,-30.0,-27.3,-18.0,-6.7,-21.3,-28.7,-28.0,10.0,-1.3
3.196,0.7,-14.7,-25.3,-30.0,-28.0,-19.3,-4.7,-20.0,-28.0,-28.7,8.7,-2.7
3.203,2.7,-12.7,-24.0,-29.3,-28.7,-20.7,-2.7,-18.7,-27.3,-29.3,7.3,-4.7
3.210,4.7,-11.3,-22.7,-29.3,-29.3,-22.0,-1.3,-17.3,-26.7,-29.3,5.3,-6.0
3.217,6.7,-9.3,-22.0,-28.7,-29.3,-23.3,0.0,-16.0,-26.0,-29.3,2.7,-10.0
3.224,8.7,-7.3,-20.0,-28.0,-30.0,-24.7,2.0,-12.7,-24.7,-29.3,0.7,-12.0
3.231,10.0,-5.3,-18.7,-27.3,-30.0,-26.0,5.3,-11.3,-23.3,-28.7,-1.3,-14.0
3.238,12.0,-3.3,-17.3,-26.7,-30.0,-26.7,6.7,-9.3,-22.7,-28.7,-3.3,-16.0
3.245,14.0,-2.0,-16.0,-25.3,-30.0,-27.3,8.0,-8.0,-21.3,-28.0,-5.3,-18.0
3.252,15.3,0.0,-14.0,-24.7,-30.0,-28.0,10.0,-6.7,-20.0,-27.3,-7.3,-20.0
3.259,16.7,1.3,-12.0,-23.3,-29.3,-28.7,11.3,-5.3,-19.3,-26.7,-9.3,-22.7
3.266,18.7,3.3,-10.7,-22.0,-28.7,-29.3,12.7,-4.0,-18.0,-26.0,-11.3,-24.7
3.273,20.0,5.3,-8.7,-20.7,-28.7,-29.3,14.0,-2.7,-16.7,-25.3,-15.3,-28.0
3.280,21.3,7.3,-6.7,-19.3,-28.0,-30.0,15.3,0.7,-13.3,-23.3,-18.0,-28.7
3.287,22.7,8.7,-4.7,-18.0,-26.7,-30.0,18.0,2.7,-12.0,-22.0,-20.0,-29.3
3.294,24.0,10.7,-3.3,-16.7,-26.0,-30.0,19.3,4.0,-10.0,-20.7,-22.7,-30.0
3.301,24.7,12.7,-1.3,-14.7,-25.3,-30.0,20.7,6.0,-8.0,-19.3,-24.7,-30.7
3.308,26.0,14.0,0.0,-13.3,-24.0,-29.3,22.0,7.3,-6.0,-18.0,-26.0,-30.7
3.315,26.7,16.0,2.0,-11.3,-22.7,-29.3,23.3,8.7,-4.7,-16.7,-27.3,-30.7
3.322,27.3,17.3,4.0,-9.3,-21.3,-28.7,24.0,10.7,-3.3,-16.0,-26.7,-30.7
3.329,28.0,18.7,6.0,-8.0,-20.0,-28.0,24.7,12.0,-1.3,-14.7,-26.7,-30.7
3.336,28.7,20.7,7.3,-6.0,-18.7,-27.3,26.0,14.0,2.0,-12.0,-26.0,-30.7
3.343,28.7,22.0,9.3,-4.0,-17.3,-26.7,27.3,18.0,4.0,-10.7,-26.0,-30.7
3.350,29.3,22.7,11.3,-2.0,-15.3,-26.0,28.0,19.3,6.0,-10.0,-25.3,-30.7
3.357,29.3,24.0,12.7,0.0,-14.0,-24.7,28.7,21.3,7.3,-8.7,-25.3,-30.7
3.364,29.3,25.3,14.7,1.3,-12.0,-23.3,29.3,22.7,8.7,-8.0,-25.3,-30.7
3.371,29.3,26.0,16.0,2.7,-10.7,-22.7,29.3,23.3,10.0,-7.3,-25.3,-30.7
3.378,28.7,26.7,18.0,4.7,-8.7,-21.3,30.0,24.7,10.7,-6.7,-25.3,-30.0
3.385,28.7,27.3,19.3,6.7,-6.7,-20.0,30.0,25.3,11.3,-6.0,-25.3,-28.7
3.392,28.0,28.0,20.7,8.7,-4.7,-18.0,30.0,26.7,14.0,-4.0,-25.3,-28.0
3.399,27.3,28.7,22.0,10.7,-2.7,-16.7,29.3,27.3,15.3,-2.7,-25.3,-26.7
3.406,26.7,29.3,23.3,12.7,-0.7,-14.7,29.3,28.0,17.3,-1.3,-25.3,-26.0
3.413,26.0,29.3,24.7,14.0,0.7,-13.3,28.7,28.0,18.7,-0.7,-25.3,-25.3
3.420,24.7,29.3,25.3,16.0,2.0,-11.3,28.0,28.7,20.0,0.7,-25.3,-24.0
3.427,24.0,29.3,26.7,17.3,4.0,-10.0,27.3,28.7,20.7,1.3,-25.3,-22.7
3.434,22.7,29.3,27.3,18.7,6.0,-8.0,26.7,28.7,22.0,2.7,-25.3,-22.0
3.441,21.3,28.7,28.0,20.0,8.0,-6.0,26.0,28.7,22.7,4.0,-25.3,-19.3
3.448,20.0,28.7,28.7,21.3,9.3,-4.0,24.0,28.7,24.7,6.7,-24.7,-18.0
3.455,18.7,28.0,28.7,22.7,11.3,-2.7,22.7,28.7,26.0,8.7,-24.7,-16.7
3.462,17.3,27.3,29.3,24.0,13.3,-0.7,21.3,28.7,26.7,10.0,-24.7,-14.7
3.469,16.0,26.7,29.3,24.7,14.7,0.7,20.0,28.7,27.3,11.3,-24.0,-13.3
3.476,14.0,25.3,29.3,26.0,16.7,2.7,18.7,28.0,27.3,12.7,-24.0,-12.0
3.483,12.0,24.7,29.3,26.7,18.0,4.7,17.3,27.3,28.0,14.0,-23.3,-10.7
3.490,10.7,23.3,29.3,27.3,19.3,6.7,16.7,27.3,28.0,16.0,-22.7,-9.3
3.497,8.7,22.7,28.7,28.0,20.7,8.0,15.3,26.7,28.0,17.3,-21.3,-6.0
3.504,6.7,21.3,28.0,28.7,22.0,10.0,14.0,24.7,28.7,20.7,-20.7,-4.7
3.511,5.3,20.0,28.0,28.7,23.3,12.0,10.7,23.3,28.0,22.7,-19.3,-2.7
3.518,3.3,18.0,27.3,29.3,24.7,13.3,8.7,22.7,28.0,24.0,-18.7,-1.3
3.525,1.3,16.7,26.0,29.3,25.3,15.3,7.3,21.3,28.0,25.3,-18.0,0.0
3.532,0.0,15.3,25.3,29.3,26.0,16.7,5.3,20.7,27.3,26.7,-16.7,2.0
3.539,-2.0,13.3,24.7,29.3,27.3,18.0,4.0,19.3,27.3,27.3,-15.3,3.3
3.546,-4.0,12.0,23.3,28.7,28.0,20.0,2.7,18.0,26.7,28.0,-14.7,5.3
3.553,-5.3,10.0,22.0,28.7,28.0,21.3,1.3,16.7,26.0,28.7,-12.0,8.7
3.560,-7.3,8.0,20.7,28.0,28.7,22.7,-0.7,13.3,24.7,28.7,-10.0,10.7
3.567,-9.3,6.0,19.3,27.3,29.3,23.3,-4.0,12.0,23.3,28.7,-8.7,12.7
3.574,-11.3,4.0,18.0,26.7,29.3,24.7,-6.0,10.0,22.7,28.0,-6.7,14.7
3.581,-12.7,2.7,16.7,26.0,29.3,25.3,-7.3,8.7,21.3,28.0,-4.7,16.7
3.588,-14.7,0.7,14.7,24.7,29.3,26.7,-9.3,6.7,20.7,27.3,-2.7,19.3
3.595,-16.0,-0.7,13.3,24.0,29.3,27.3,-10.0,6.0,19.3,26.7,-1.3,21.3
3.602,-18.0,-2.7,11.3,22.7,28.7,28.0,-11.3,4.7,18.7,26.0,0.7,22.7
3.609,-19.3,-4.7,9.3,21.3,28.7,28.7,-12.7,3.3,17.3,25.3,4.7,26.0
3.616,-20.7,-6.7,8.0,20.0,28.0,28.7,-14.0,0.0,14.0,23.3,7.3,27.3
3.623,-22.0,-8.0,6.0,18.7,27.3,29.3,-17.3,-1.3,12.7,22.7,9.3,28.0
3.630,-23.3,-10.0,4.0,17.3,26.7,29.3,-18.7,-3.3,10.7,21.3,12.0,28.7
3.637,-24.7,-12.0,2.0,16.0,25.3,29.3,-20.0,-4.7,8.7,20.0,14.0,29.3
3.644,-25.3,-13.3,0.0,14.0,24.7,29.3,-21.3,-6.7,7.3,18.7,16.7,30.0
3.651,-26.7,-15.3,-1.3,12.7,23.3,29.3,-22.7,-8.0,5.3,17.3,19.3,30.0
3.658,-27.3,-16.7,-2.7,10.7,22.7,28.7,-24.0,-9.3,4.0,16.7,22.0,30.0
3.665,-28.0,-18.7,-4.7,8.7,21.3,28.0,-24.7,-11.3,2.7,15.3,25.3,30.0
3.672,-28.7,-20.0,-6.7,7.3,20.0,28.0,-26.0,-12.7,-0.7,12.7,24.7,29.3
3.679,-29.3,-21.3,-8.7,5.3,18.7,27.3,-27.3,-16.7,-2.7,11.3,24.7,29.3
3.686,-29.3,-22.7,-10.7,3.3,16.7,26.7,-28.0,-18.0,-4.7,9.3,24.0,29.3
3.693,-30.0,-24.0,-12.0,1.3,15.3,25.3,-28.7,-20.0,-6.7,8.0,23.3,29.3
3.700,-30.0,-25.3,-14.0,0.0,13.3,24.7,-28.7,-21.3,-8.0,6.7,23.3,29.3
3.707,-30.0,-26.0,-15.3,-2.0,12.0,23.3,-29.3,-22.7,-10.0,6.0,22.7,29.3
3.714,-30.0,-26.7,-17.3,-4.0,10.0,22.0,-29.3,-24.0,-11.3,4.7,22.0,29.3
3.721,-29.3,-28.0,-18.7,-5.3,8.0,20.7,-30.0,-26.0,-13.3,3.3,22.0,28.7
3.729,-29.3,-28.7,-20.7,-7.3,6.0,19.3,-30.0,-26.7,-14.7,2.7,22.0,28.0
3.736,-28.7,-28.7,-22.0,-9.3,4.0,18.0,-30.0,-28.0,-16.0,1.3,22.0,28.0
3.743,-28.0,-29.3,-23.3,-11.3,2.7,16.0,-30.0,-28.7,-17.3,0.7,22.0,26.7
3.750,-27.3,-30.0,-24.0,-13.3,0.7,14.7,-30.0,-29.3,-18.7,-0.7,22.0,26.0
3.757,-26.0,-30.0,-25.3,-14.7,-0.7,12.7,-29.3,-29.3,-20.0,-2.0,22.0,25.3
3.764,-25.3,-30.0,-26.7,-16.7,-2.7,11.3,-29.3,-29.3,-20.7,-2.7,22.0,23.3
3.771,-24.0,-30.0,-27.3,-18.0,-4.7,9.3,-28.7,-30.0,-23.3,-5.3,22.0,22.7
3.778,-23.3,-29.3,-28.0,-19.3,-6.7,7.3,-26.7,-30.0,-24.0,-6.7,21.3,21.3
3.785,-21.3,-29.3,-28.7,-20.7,-8.0,6.0,-26.0,-30.0,-25.3,-8.0,21.3,20.0
3.792,-20.0,-28.7,-29.3,-22.0,-10.0,4.0,-24.7,-30.0,-26.0,-9.3,20.7,18.7
3.799,-18.7,-28.0,-29.3,-23.3,-12.0,2.0,-23.3,-29.3,-26.7,-11.3,20.7,17.3
3.806,-17.3,-27.3,-30.0,-24.7,-13.3,0.0,-22.0,-29.3,-27.3,-12.7,20.0,16.0
3.813,-16.0,-26.7,-30.0,-25.3,-15.3,-1.3,-20.7,-29.3,-28.0,-14.0,19.3,14.7
3.820,-14.0,-26.0,-30.0,-26.7,-16.7,-2.7,-19.3,-28.7,-28.7,-16.0,18.0,12.0
3.827,-12.7,-24.7,-30.0,-27.3,-18.7,-4.7,-18.0,-27.3,-29.3,-18.7,17.3,10.7
3.834,-10.7,-23.3,-29.3,-28.0,-20.0,-6.7,-15.3,-26.7,-29.3,-20.7,16.7,9.3
3.841,-8.7,-22.7,-29.3,-28.7,-21.3,-8.7,-14.0,-26.0,-29.3,-22.7,15.3,7.3
3.848,-6.7,-21.3,-28.7,-29.3,-22.7,-10.7,-12.7,-24.7,-29.3,-24.0,14.7,6.0
3.855,-4.7,-20.0,-28.0,-29.3,-24.0,-12.0,-11.3,-24.0,-29.3,-25.3,13.3,4.7
3.862,-3.3,-18.0,-27.3,-30.0,-24.7,-14.0,-9.3,-23.3,-28.7,-26.7,12.7,2.7
3.869,-1.3,-16.7,-26.7,-30.0,-26.0,-15.3,-8.0,-22.0,-28.7,-27.3,11.3,1.3
3.876,0.0,-15.3,-25.3,-30.0,-26.7,-17.3,-6.7,-21.3,-28.7,-28.0,8.7,-2.0
3.883,2.0,-13.3,-24.7,-29.3,-27.3,-18.7,-4.7,-18.7,-27.3,-28.7,7.3,-4.0
3.890,4.0,-11.3,-23.3,-29.3,-28.0,-20.0,-1.3,-16.7,-26.7,-29.3,5.3,-6.0
3.897,6.0,-10.0,-22.0,-29.3,-28.7,-21.3,0.7,-15.3,-25.3,-29.3,4.0,-8.0
3.904,7.3,-8.0,-20.7,-28.7,-29.3,-22.7,2.0,-13.3,-24.7,-29.3,2.0,-10.0
3.911,9.3,-6.0,-19.3,-28.0,-29.3,-24.0,4.0,-12.0,-24.0,-29.3,0.0,-12.0
3.918,11.3,-4.0,-18.0,-27.3,-30.0,-25.3,5.3,-10.7,-23.3,-29.3,-1.3,-14.0
3.925,12.7,-2.0,-16.0,-26.0,-30.0,-26.0,6.7,-10.0,-22.7,-28.7,-3.3,-16.0
3.932,14.7,0.0,-14.7,-25.3,-30.0,-26.7,8.0,-8.0,-22.0,-28.7,-7.3,-20.0
3.939,16.0,0.7,-13.3,-24.0,-29.3,-27.3,9.3,-4.7,-19.3,-27.3,-9.3,-22.0
3.946,18.0,2.7,-11.3,-23.3,-29.3,-28.0,12.7,-3.3,-17.3,-26.7,-11.3,-24.0
3.953,19.3,4.7,-9.3,-22.0,-28.7,-28.7,14.0,-1.3,-16.0,-25.3,-13.3,-26.0
3.960,20.7,6.7,-7.3,-20.7,-28.7,-29.3,15.3,0.0,-14.7,-24.0,-16.0,-27.3
3.967,22.0,8.7,-6.0,-19.3,-28.0,-29.3,17.3,1.3,-12.7,-23.3,-18.0,-28.0
3.974,23.3,10.0,-4.0,-17.3,-26.7,-30.0,18.7,2.7,-11.3,-22.0,-20.7,-28.7
3.981,24.7,12.0,-2.0,-16.0,-26.0,-30.0,20.0,4.0,-10.0,-21.3,-22.7,-29.3
3.988,25.3,14.0,0.0,-14.0,-25.3,-30.0,21.3,6.0,-8.0,-20.0,-26.7,-30.0
3.995,26.7,15.3,1.3,-12.7,-24.0,-29.3,22.0,9.3,-4.7,-17.3,-27.3,-30.0
4.002,27.3,17.3,3.3,-10.7,-22.7,-29.3,24.7,11.3,-2.7,-16.0,-27.3,-30.7
4.009,28.0,18.7,5.3,-9.3,-21.3,-28.7,25.3,13.3,-0.7,-14.7,-27.3,-30.7
4.016,28.7,20.0,6.7,-7.3,-20.0,-28.0,26.0,15.3,1.3,-12.7,-26.7,-30.7
4.023,28.7,21.3,8.7,-5.3,-18.7,-27.3,27.3,16.7,3.3,-11.3,-26.7,-30.7
4.030,29.3,22.7,10.7,-3.3,-17.3,-26.7,28.0,18.0,4.7,-10.7,-26.0,-30.7
4.037,29.3,24.0,12.0,-1.3,-15.3,-26.0,28.0,19.3,6.0,-10.0,-26.0,-30.7
4.044,29.3,24.7,14.0,0.0,-14.0,-24.7,28.7,20.7,7.3,-9.3,-26.0,-30.7
4.051,29.3,26.0,15.3,1.3,-12.0,-24.0,29.3,23.3,9.3,-8.0,-26.0,-30.7
4.058,29.3,26.7,17.3,3.3,-10.7,-22.7,30.0,24.7,10.7,-7.3,-26.0,-30.0
4.065,29.3,27.3,18.7,5.3,-8.7,-21.3,30.0,26.0,12.0,-6.0,-26.0,-29.3
4.072,28.7,28.0,20.0,7.3,-6.7,-20.0,30.0,26.7,13.3,-5.3,-26.0,-28.7
4.079,28.0,28.7,21.3,9.3,-4.7,-18.7,30.0,27.3,14.7,-4.7,-26.0,-28.0
4.086,27.3,29.3,22.7,10.7,-3.3,-16.7,30.0,28.0,16.0,-3.3,-26.0,-27.3
4.093,26.7,29.3,24.0,12.7,-0.7,-15.3,29.3,28.0,17.3,-2.0,-26.0,-26.0
4.100,26.0,29.3,25.3,14.7,0.0,-13.3,29.3,28.7,18.7,-1.3,-26.0,-24.0
4.107,24.7,29.3,26.0,16.0,2.0,-12.0,28.0,28.7,21.3,1.3,-26.0,-23.3
4.114,24.0,29.3,26.7,17.3,4.0,-10.0,27.3,28.7,22.7,2.7,-26.0,-22.0
4.121,22.7,29.3,27.3,19.3,6.0,-8.0,26.0,28.7,23.3,4.0,-26.0,-20.7
4.128,21.3,28.7,28.0,20.7,8.0,-6.0,25.3,28.7,24.7,5.3,-26.0,-19.3
4.135,20.0,28.7,28.7,22.0,9.3,-4.7,24.0,28.7,25.3,6.7,-26.0,-18.0
4.142,18.7,28.0,29.3,23.3,11.3,-2.7,23.3,28.7,26.0,8.0,-25.3,-16.7
4.149,16.7,27.3,29.3,24.0,13.3,-0.7,22.0,28.7,26.0,10.0,-25.3,-15.3
4.156,15.3,26.0,29.3,25.3,14.7,0.7,21.3,28.7,26.7,11.3,-24.7,-12.0
4.163,13.3,25.3,29.3,26.0,16.7,2.7,20.0,28.0,28.0,14.7,-24.0,-10.7
4.170,12.0,24.0,29.3,27.3,18.0,4.0,16.7,27.3,28.0,16.0,-23.3,-9.3
4.177,10.0,23.3,29.3,28.0,19.3,6.0,15.3,26.7,28.0,17.3,-22.7,-8.0
4.184,8.0,22.0,28.7,28.7,20.7,8.0,13.3,25.3,28.0,19.3,-22.0,-6.0
4.191,6.7,20.7,28.0,28.7,22.0,10.0,12.0,24.7,28.0,20.7,-21.3,-4.7
4.198,4.7,19.3,28.0,29.3,23.3,11.3,10.7,24.0,28.0,22.7,-20.7,-3.3
4.205,2.7,18.0,27.3,29.3,24.7,13.3,9.3,23.3,28.0,24.0,-20.0,-1.3
4.212,0.7,16.0,26.0,29.3,25.3,14.7,8.0,22.0,28.0,25.3,-18.0,1.3
4.219,-0.7,14.7,25.3,29.3,26.7,16.7,6.0,19.3,27.3,27.3,-16.7,3.3
4.226,-2.0,12.7,24.0,29.3,27.3,18.0,2.7,18.0,27.3,28.0,-15.3,5.3
4.233,-4.0,11.3,23.3,29.3,28.0,19.3,1.3,16.7,26.0,28.7,-14.0,6.7
4.240,-6.0,9.3,22.0,28.7,28.7,20.7,-0.7,14.7,25.3,28.7,-12.7,8.7
4.247,-8.0,7.3,20.7,28.0,28.7,22.0,-2.7,13.3,24.7,28.7,-11.3,10.7
4.254,-10.0,5.3,19.3,28.0,29.3,23.3,-4.0,12.0,24.0,28.7,-9.3,12.7
4.261,-11.3,3.3,17.3,26.7,29.3,24.7,-5.3,10.7,23.3,28.7,-8.0,14.7
4.268,-13.3,1.3,16.0,26.0,29.3,25.3,-7.3,9.3,22.0,28.7,-4.0,18.7
4.275,-14.7,0.0,14.7,25.3,29.3,26.7,-8.7,6.0,20.0,27.3,-2.0,20.7
4.282,-16.7,-1.3,12.7,24.0,29.3,27.3,-11.3,4.7,18.7,26.7,0.0,22.7
4.289,-18.0,-3.3,10.7,22.7,29.3,28.0,-12.7,2.7,17.3,26.0,1.3,24.7
4.296,-19.3,-5.3,9.3,21.3,28.7,28.7,-14.7,1.3,16.0,25.3,4.0,26.0
4.303,-20.7,-6.7,7.3,20.7,28.0,28.7,-16.0,0.0,14.0,24.0,6.0,26.7
4.310,-22.7,-8.7,5.3,18.7,27.3,29.3,-17.3,-1.3,12.7,22.7,8.0,28.0
4.317,-23.3,-10.7,3.3,17.3,26.7,29.3,-18.7,-2.7,11.3,22.0,10.7,28.7
4.324,-24.7,-12.7,1.3,16.0,26.0,29.3,-19.3,-4.0,9.3,21.3,15.3,29.3
4.331,-26.0,-14.0,0.0,14.0,24.7,29.3,-20.7,-8.0,6.0,18.7,18.0,29.3
4.338,-26.7,-16.0,-1.3,12.7,24.0,29.3,-23.3,-9.3,4.0,17.3,20.7,30.0
4.345,-27.3,-17.3,-3.3,10.7,22.7,29.3,-24.7,-11.3,2.0,16.0,23.3,30.0
4.352,-28.0,-18.7,-5.3,8.7,21.3,28.7,-25.3,-13.3,0.7,14.7,24.7,30.0
4.359,-28.7,-20.7,-7.3,7.3,20.0,28.0,-26.7,-14.7,-0.7,12.7,25.3,30.0
4.366,-29.3,-22.0,-9.3,5.3,18.7,27.3,-27.3,-16.0,-2.0,11.3,25.3,30.0
4.373,-29.3,-23.3,-10.7,3.3,17.3,26.7,-27.3,-17.3,-4.0,10.0,24.7,30.0
4.380,-30.0,-24.0,-12.7,1.3,15.3,26.0,-28.0,-19.3,-5.3,8.7,24.0,29.3
4.387,-30.0,-25.3,-14.7,0.0,14.0,24.7,-28.7,-22.0,-8.7,6.7,23.3,29.3
4.394,-30.0,-26.0,-16.0,-2.0,12.0,24.0,-29.3,-23.3,-10.7,5.3,22.7,29.3
4.401,-29.3,-27.3,-17.3,-4.0,10.0,22.7,-30.0,-24.7,-12.7,4.0,22.7,29.3
4.408,-29.3,-28.0,-19.3,-5.3,8.7,21.3,-30.0,-26.0,-14.0,3.3,22.0,29.3
4.415,-28.7,-28.7,-20.7,-7.3,6.7,20.0,-30.0,-27.3,-15.3,2.7,22.0,28.7
4.423,-28.0,-29.3,-22.0,-9.3,4.7,18.0,-30.0,-28.0,-16.0,2.0,22.0,28.7
4.430,-27.3,-29.3,-23.3,-11.3,2.7,16.7,-30.0,-28.7,-18.0,0.0,22.0,27.3
4.438,-26.7,-29.3,-24.7,-13.3,0.7,15.3,-29.3,-29.3,-19.3,-1.3,22.0,26.7
4.445,-26.0,-30.0,-25.3,-14.7,-0.7,13.3,-28.7,-29.3,-20.7,-2.7,22.0,25.3
4.452,-24.7,-30.0,-26.7,-16.7,-2.7,11.3,-28.0,-30.0,-22.0,-4.0,22.0,24.7
4.459,-23.3,-29.3,-27.3,-18.0,-4.7,9.3,-27.3,-30.0,-22.7,-5.3,22.0,23.3
4.466,-22.7,-29.3,-28.0,-20.0,-6.7,8.0,-26.7,-30.0,-24.0,-6.7,22.0,22.7
4.473,-21.3,-28.7,-28.7,-21.3,-8.7,6.0,-26.0,-30.0,-24.7,-8.0,21.3,20.0
4.480,-20.0,-28.7,-29.3,-22.7,-10.0,4.0,-24.7,-30.0,-26.7,-10.7,21.3,18.7
4.487,-18.0,-28.0,-29.3,-23.3,-12.0,2.0,-22.7,-29.3,-27.3,-12.7,20.7,17.3
4.494,-16.7,-27.3,-30.0,-24.7,-13.3,0.7,-21.3,-28.7,-28.0,-14.0,20.0,16.0
4.501,-15.3,-26.0,-30.0,-26.0,-15.3,-0.7,-20.0,-28.7,-28.7,-16.0,19.3,14.7
4.508,-13.3,-25.3,-30.0,-26.7,-16.7,-2.7,-18.7,-28.0,-28.7,-17.3,18.7,13.3
4.515,-11.3,-24.0,-29.3,-27.3,-18.7,-4.7,-16.7,-27.3,-29.3,-19.3,18.0,12.0
4.522,-10.0,-23.3,-29.3,-28.0,-20.0,-6.7,-15.3,-26.7,-29.3,-20.7,17.3,10.7
4.529,-8.0,-22.0,-28.7,-28.7,-21.3,-8.7,-14.0,-26.0,-29.3,-22.0,15.3,7.3
4.536,-6.0,-20.7,-28.7,-29.3,-22.7,-10.0,-12.7,-25.3,-29.3,-25.3,14.7,6.0
4.543,-4.0,-18.7,-28.0,-29.3,-24.0,-12.0,-10.0,-23.3,-28.7,-26.7,13.3,4.7
4.550,-2.7,-17.3,-27.3,-30.0,-24.7,-14.0,-8.0,-22.0,-28.7,-27.3,12.7,2.7
4.557,-0.7,-16.0,-26.0,-30.0,-26.0,-15.3,-6.0,-20.7,-28.7,-28.0,11.3,1.3
4.564,0.7,-14.0,-25.3,-30.0,-26.7,-16.7,-4.7,-19.3,-28.0,-28.7,10.0,-0.7
4.571,2.7,-12.7,-24.0,-29.3,-27.3,-18.7,-2.7,-18.0,-27.3,-29.3,8.0,-2.7
4.578,4.7,-10.7,-22.7,-29.3,-28.0,-20.0,-1.3,-16.7,-26.7,-29.3,6.7,-4.7
4.585,6.7,-8.7,-21.3,-28.7,-28.7,-21.3,0.0,-15.3,-26.0,-29.3,3.3,-8.0
4.592,8.0,-6.7,-20.0,-28.7,-29.3,-22.7,2.0,-14.0,-24.7,-29.3,1.3,-10.0
4.599,10.0,-5.3,-18.7,-28.0,-29.3,-24.0,4.7,-10.7,-24.0,-28.7,0.0,-12.0
4.606,12.0,-3.3,-17.3,-26.7,-30.0,-24.7,6.7,-9.3,-22.7,-28.7,-2.0,-14.0
4.613,13.3,-1.3,-16.0,-26.0,-30.0,-26.0,8.0,-7.3,-21.3,-28.7,-4.0,-16.0
4.620,15.3,0.0,-14.0,-25.3,-30.0,-26.7,9.3,-6.0,-20.0,-28.0,-6.0,-18.7
4.627,16.7,2.0,-12.7,-24.0,-29.3,-27.3,11.3,-4.7,-19.3,-27.3,-8.0,-20.7
4.634,18.7,3.3,-10.7,-22.7,-29.3,-28.0,12.7,-3.3,-18.0,-26.7,-10.7,-22.7
4.641,20.0,5.3,-8.7,-21.3,-28.7,-28.7,14.0,-2.0,-16.7,-26.0,-14.7,-24.7
4.648,21.3,7.3,-6.7,-20.0,-28.0,-29.3,15.3,-0.7,-14.0,-24.0,-16.7,-27.3
4.655,22.7,9.3,-5.3,-18.7,-27.3,-29.3,18.0,2.7,-12.0,-22.7,-19.3,-28.7
4.662,24.0,11.3,-3.3,-17.3,-26.7,-30.0,19.3,4.0,-10.0,-21.3,-21.3,-29.3
4.669,24.7,12.7,-1.3,-15.3,-26.0,-30.0,20.7,6.0,-8.0,-20.0,-24.0,-30.0
4.676,26.0,14.7,0.0,-14.0,-24.7,-30.0,22.0,7.3,-6.7,-18.7,-26.0,-30.0
4.683,26.7,16.0,2.0,-12.0,-24.0,-29.3,23.3,9.3,-4.7,-17.3,-27.3,-30.0
4.690,27.3,18.0,4.0,-10.7,-22.7,-29.3,24.0,10.7,-3.3,-16.7,-28.0,-30.7
4.697,28.0,19.3,6.0,-8.7,-21.3,-28.7,25.3,12.7,-2.0,-15.3,-27.3,-30.7
4.704,28.7,20.7,7.3,-6.7,-20.0,-28.0,26.0,16.0,2.0,-12.7,-26.7,-30.7
4.711,29.3,22.0,9.3,-4.7,-18.7,-27.3,27.3,18.0,4.0,-11.3,-26.7,-30.7
4.718,29.3,23.3,11.3,-2.7,-16.7,-26.7,28.0,20.0,6.0,-10.0,-26.0,-30.7
4.725,29.3,24.7,13.3,-1.3,-15.3,-26.0,28.7,21.3,7.3,-9.3,-26.0,-30.7
4.732,29.3,25.3,14.7,0.0,-14.0,-24.7,29.3,22.7,9.3,-8.0,-26.0,-30.7
4.739,29.3,26.0,16.0,2.0,-12.0,-24.0,29.3,24.0,10.0,-7.3,-26.0,-30.7
4.746,29.3,27.3,18.0,4.0,-10.0,-22.7,30.0,24.7,11.3,-6.7,-26.0,-30.7
4.753,28.7,28.0,19.3,6.0,-8.7,-21.3,30.0,25.3,12.0,-6.0,-26.0,-29.3
4.760,28.7,28.7,20.7,7.3,-6.7,-20.0,30.0,26.7,14.7,-4.0,-26.0,-28.7
4.767,28.0,28.7,22.0,9.3,-4.7,-18.7,30.0,28.0,16.0,-3.3,-26.0,-28.0
4.774,27.3,29.3,23.3,11.3,-2.7,-16.7,29.3,28.0,17.3,-2.0,-26.0,-26.7
4.781,26.7,29.3,24.7,13.3,-0.7,-15.3,29.3,28.7,18.7,-0.7,-26.0,-26.0
4.788,25.3,29.3,25.3,14.7,0.7,-13.3,28.7,29.3,20.0,0.0,-26.0,-24.7
4.795,24.7,29.3,26.7,16.7,2.7,-12.0,28.0,29.3,21.3,1.3,-26.0,-24.0
4.802,23.3,29.3,27.3,18.0,4.7,-10.0,27.3,29.3,22.0,2.7,-26.0,-21.3
4.809,22.0,29.3,28.0,19.3,6.0,-8.0,26.7,29.3,24.0,5.3,-26.0,-20.0
4.816,20.7,28.7,28.7,20.7,8.0,-6.0,24.7,29.3,25.3,6.7,-26.0,-18.7
4.823,19.3,28.0,28.7,22.0,10.0,-4.7,23.3,29.3,26.0,8.7,-25.3,-17.3
4.830,18.0,27.3,29.3,23.3,11.3,-2.7,22.0,28.7,26.7,10.0,-25.3,-16.0
4.837,16.7,26.7,29.3,24.7,13.3,-0.7,20.7,28.7,27.3,11.3,-24.7,-14.7
4.844,14.7,26.0,29.3,25.3,15.3,0.7,19.3,28.0,27.3,12.7,-24.7,-13.3
4.851,13.3,24.7,29.3,26.7,16.7,2.7,18.7,28.0,28.0,14.7,-24.0,-12.0
4.858,11.3,24.0,29.3,27.3,18.0,4.7,17.3,27.3,28.0,16.0,-23.3,-8.7
4.865,9.3,22.7,29.3,28.0,20.0,6.0,16.0,26.0,28.7,19.3,-22.7,-7.3
4.872,7.3,21.3,28.7,28.7,21.3,8.0,13.3,24.7,28.7,21.3,-21.3,-6.0
4.879,6.0,20.0,28.0,28.7,22.7,10.0,11.3,24.0,28.7,22.7,-20.7,-4.0
4.886,4.0,18.7,27.3,29.3,23.3,12.0,10.0,22.7,28.7,24.0,-20.0,-2.7
4.893,2.0,17.3,26.7,29.3,24.7,13.3,8.0,22.0,28.0,25.3,-18.7,-0.7
4.900,0.0,15.3,26.0,29.3,25.3,15.3,6.7,20.7,28.0,26.7,-18.0,0.7
4.907,-1.3,14.0,24.7,29.3,26.7,16.7,4.7,20.0,28.0,27.3,-16.7,2.7
4.914,-2.7,12.0,24.0,29.3,27.3,18.0,3.3,18.7,27.3,28.0,27.3,6.0
4.921,-4.7,10.0,22.7,29.3,28.0,20.0,1.3,17.3,26.0,28.7,-12.7,8.0
4.928,-6.7,8.7,21.3,28.7,28.7,21.3,-2.0,14.0,24.7,28.7,-11.3,10.0
4.935,-8.7,6.7,20.0,28.0,28.7,22.7,-3.3,12.0,24.0,28.7,-9.3,12.0
4.942,-10.7,4.7,18.7,27.3,29.3,23.3,-4.7,10.7,22.7,28.7,-8.0,14.0
4.949,-12.0,2.7,17.3,26.7,29.3,24.7,-6.7,8.7,22.0,28.7,-6.0,16.0
4.956,-14.0,0.7,15.3,26.0,29.3,25.3,-8.0,8.0,21.3,28.0,-4.0,18.0
4.963,-15.3,0.0,14.0,24.7,29.3,26.7,-10.0,6.7,20.7,28.0,-2.0,20.0
4.970,-17.3,-2.0,12.0,24.0,29.3,27.3,-11.3,5.3,19.3,27.3,1.3,23.3
4.977,-18.7,-4.0,10.0,22.7,29.3,28.0,-12.7,4.0,16.7,26.0,3.3,24.7
4.984,-20.0,-6.0,8.0,21.3,28.7,28.7,-15.3,0.7,15.3,24.7,6.0,26.0
4.991,-21.3,-8.0,6.7,20.0,28.0,29.3,-16.7,-0.7,13.3,23.3,8.0,27.3
4.998,-22.7,-10.0,4.7,18.7,27.3,29.3,-18.0,-2.7,11.3,22.7,10.0,28.0
5.005,-24.0,-11.3,2.7,16.7,26.7,29.3,-19.3,-4.0,9.3,21.3,12.7,28.7
5.012,-25.3,-13.3,0.7,15.3,26.0,29.3,-20.7,-6.0,8.0,20.0,15.3,29.3
5.019,-26.0,-14.7,-0.7,13.3,24.7,29.3,-22.0,-7.3,6.7,19.3,17.3,29.3
5.026,-26.7,-16.7,-2.0,12.0,23.3,29.3,-22.7,-8.7,4.7,18.0,23.3,30.0
5.033,-28.0,-18.0,-4.0,10.0,22.7,29.3,-24.0,-10.7,1.3,15.3,24.7,30.0
5.040,-28.0,-19.3,-6.0,8.0,21.3,28.7,-26.0,-14.7,0.0,14.0,25.3,30.0
5.047,-28.7,-20.7,-8.0,6.7,20.0,28.0,-26.7,-16.0,-2.0,12.0,25.3,30.0
5.054,-29.3,-22.7,-10.0,4.7,18.0,27.3,-27.3,-18.0,-3.3,10.7,24.7,30.0
5.061,-29.3,-23.3,-11.3,2.7,16.7,26.7,-28.0,-19.3,-5.3,8.7,24.7,30.0
5.068,-30.0,-24.7,-13.3,0.7,15.3,26.0,-28.7,-20.0,-7.3,8.0,24.0,30.0
5.075,-30.0,-26.0,-14.7,-0.7,13.3,24.7,-28.7,-21.3,-8.7,6.7,24.0,30.0
5.082,-30.0,-26.7,-16.7,-2.7,12.0,23.3,-29.3,-22.7,-10.0,6.0,23.3,30.0
5.089,-29.3,-27.3,-18.0,-4.0,10.0,22.7,-29.3,-24.0,-12.7,-4.0,22.7,29.3
5.096,-29.3,-28.0,-19.3,-6.0,8.0,21.3,-30.0,-26.7,-14.7,2.7,22.7,29.3
5.103,-28.7,-28.7,-21.3,-8.0,6.0,20.0,-30.0,-27.3,-16.0,2.0,22.7,28.7
5.110,-28.0,-29.3,-22.7,-10.0,4.7,18.0,-30.0,-28.0,-16.7,0.7,22.7,28.0
5.118,-27.3,-29.3,-24.0,-12.0,2.7,16.7,-30.0,-28.7,-18.0,0.0,22.7,27.3
5.125,-26.7,-30.0,-24.7,-13.3,0.7,14.7,-29.3,-29.3,-19.3,-1.3,22.7,26.7
5.132,-25.3,-30.0,-26.0,-15.3,-0.7,13.3,-28.7,-29.3,-20.7,-2.0,22.7,24.7
5.139,-24.7,-30.0,-26.7,-16.7,-2.7,11.3,-28.0,-30.0,-22.7,-4.7,22.0,24.0
5.146,-23.3,-29.3,-27.3,-18.7,-4.7,9.3,-26.7,-30.0,-24.0,-6.0,22.0,22.7
5.153,-22.0,-29.3,-28.0,-20.0,-6.7,8.0,-26.0,-30.0,-24.7,-7.3,22.0,22.0
5.160,-20.7,-28.7,-28.7,-21.3,-8.7,6.0,-25.3,-30.0,-26.0,-8.7,21.3,20.7
5.167,-19.3,-28.0,-29.3,-22.7,-10.7,4.0,-24.0,-30.0,-26.7,-10.7,21.3,19.3
5.174,-18.0,-27.3,-29.3,-24.0,-12.0,2.0,-22.7,-29.3,-26.7,-12.0,20.7,18.0
5.181,-16.7,-26.7,-30.0,-24.7,-14.0,0.0,-21.3,-29.3,-27.3,-13.3,20.0,16.7
5.188,-14.7,-26.0,-30.0,-26.0,-15.3,-0.7,-20.7,-28.7,-28.7,-15.3,19.3,14.0
5.195,-13.3,-24.7,-30.0,-26.7,-17.3,-2.7,-18.0,-27.3,-28.7,-18.7,18.0,12.7
5.202,-11.3,-24.0,-29.3,-27.3,-18.7,-4.7,-16.7,-26.7,-29.3,-20.0,17.3,11.3
5.209,-9.3,-22.7,-29.3,-28.0,-20.0,-6.7,-14.7,-26.0,-29.3,-22.0,16.7,9.3
5.216,-7.3,-21.3,-28.7,-28.7,-21.3,-8.7,-13.3,-25.3,-29.3,-23.3,16.0,8.0
5.223,-6.0,-20.0,-28.0,-29.3,-22.7,-10.7,-12.0,-24.0,-29.3,-24.7,14.7,6.7
5.230,-4.0,-18.7,-27.3,-29.3,-24.0,-12.0,-10.0,-23.3,-28.7,-26.0,14.0,4.7
5.237,-2.0,-16.7,-26.7,-30.0,-24.7,-14.0,-8.7,-22.7,-28.7,-26.7,12.7,3.3
5.244,0.0,-15.3,-26.0,-30.0,-26.0,-15.3,-7.3,-21.3,-28.7,-27.3,10.0,0.0
5.251,1.3,-13.3,-24.7,-30.0,-26.7,-17.3,-4.0,-18.7,-27.3,-28.7,8.7,-2.0
5.258,3.3,-12.0,-24.0,-29.3,-27.3,-18.7,-2.0,-17.3,-26.7,-29.3,7.3,-4.0
5.265,4.7,-10.0,-22.7,-29.3,-28.0,-20.0,0.0,-15.3,-26.0,-29.3,5.3,-6.0
5.272,6.7,-8.7,-21.3,-28.7,-28.7,-21.3,1.3,-14.0,-25.3,-29.3,4.0,-8.0
5.279,8.7,-6.7,-20.0,-28.0,-29.3,-22.7,3.3,-12.7,-24.7,-29.3,2.0,-10.0
5.286,10.7,-4.7,-18.7,-27.3,-29.3,-24.0,4.7,-11.3,-24.0,-29.3,0.0,-12.0
5.293,12.0,-2.7,-17.3,-26.7,-30.0,-25.3,5.3,-10.0,-23.3,-28.7,-1.3,-14.0
5.300,14.0,-0.7,-15.3,-26.0,-30.0,-26.0,7.3,-8.7,-22.7,-28.7,-5.3,-18.0
5.307,15.3,0.0,-14.0,-24.7,-30.0,-26.7,8.7,-5.3,-20.0,-27.3,-7.3,-20.0
5.314,17.3,2.0,-12.0,-24.0,-29.3,-27.3,12.0,-3.3,-18.7,-26.7,-10.0,-22.0
5.321,18.7,4.0,-10.7,-22.7,-29.3,-28.0,13.3,-2.0,-16.7,-26.0,-12.0,-24.0
5.328,20.0,6.0,-8.7,-21.3,-28.7,-28.7,15.3,-0.7,-15.3,-24.7,-14.0,-26.0
5.335,21.3,8.0,-6.7,-20.0,-28.0,-29.3,16.7,0.7,-14.0,-24.0,-16.0,-27.3
5.342,22.7,9.3,-4.7,-18.7,-27.3,-29.3,18.0,2.0,-12.7,-22.7,-18.7,-28.0
5.349,24.0,11.3,-2.7,-16.7,-26.7,-30.0,18.7,3.3,-10.7,-22.0,-20.7,-28.7
5.356,24.7,13.3,-0.7,-15.3,-26.0,-30.0,20.0,4.7,-9.3,-20.7,-25.3,-30.0
5.363,26.0,14.7,0.0,-14.0,-24.7,-30.0,21.3,8.7,-5.3,-18.7,-26.7,-30.0
5.370,26.7,16.7,2.0,-12.0,-24.0,-29.3,23.3,10.7,-3.3,-16.7,-27.3,-30.7
5.377,27.3,18.0,4.0,-10.0,-22.7,-29.3,24.7,12.7,-1.3,-15.3,-27.3,-30.7
5.384,28.0,19.3,6.0,-8.7,-21.3,-28.7,25.3,14.0,0.0,-14.0,-27.3,-30.7
5.391,28.7,20.7,8.0,-6.7,-20.0,-28.0,26.0,16.0,2.0,-12.7,-26.7,-30.7
5.398,29.3,22.0,9.3,-4.7,-18.7,-27.3,27.3,17.3,3.3,-11.3,-26.7,-30.7
5.405,29.3,23.3,11.3,-2.7,-16.7,-26.7,27.3,18.7,4.7,-10.7,-26.7,-30.7
5.412,29.3,24.7,13.3,-0.7,-15.3,-26.0,28.0,20.0,6.0,-10.0,-26.7,-30.7
5.419,29.3,25.3,14.7,0.7,-13.3,-24.7,28.7,22.7,8.7,-8.0,-26.7,-30.7
5.426,29.3,26.7,16.7,2.0,-12.0,-24.0,29.3,24.0,10.7,-7.3,-26.7,-30.0
5.433,29.3,27.3,18.0,4.0,-10.0,-22.7,30.0,25.3,12.0,-6.7,-26.7,-30.0
5.440,28.7,28.0,19.3,6.0,-8.7,-21.3,30.0,26.7,13.3,-5.3,-26.7,-29.3
5.447,28.7,28.7,20.7,8.0,-6.7,-20.0,30.0,27.3,14.7,-4.7,-26.7,-28.7
5.454,28.0,28.7,22.0,9.3,-4.7,-18.7,30.0,28.0,16.0,-4.0,-26.7,-28.0
5.461,27.3,29.3,23.3,11.3,-2.7,-16.7,29.3,28.0,16.7,-2.7,-26.7,-27.3
5.468,26.0,29.3,24.7,13.3,-0.7,-15.3,29.3,28.7,18.0,-1.3,-26.7,-25.3
5.475,25.3,29.3,25.3,15.3,0.7,-13.3,28.7,28.7,20.7,0.7,-26.7,-24.7
5.482,24.7,29.3,26.7,16.7,2.7,-12.0,27.3,29.3,22.0,2.0,-26.7,-23.3
5.489,23.3,29.3,27.3,18.0,4.7,-10.0,26.7,29.3,23.3,3.3,-26.0,-22.0
5.496,22.0,29.3,28.0,19.3,6.0,-8.0,26.0,29.3,24.0,4.7,-26.0,-20.7
5.503,20.7,28.7,28.7,21.3,8.0,-6.0,24.7,29.3,24.7,6.0,-26.0,-19.3
5.510,19.3,28.0,28.7,22.7,10.0,-4.7,24.0,29.3,25.3,8.0,-26.0,-18.0
5.517,18.0,27.3,29.3,23.3,12.0,-2.7,22.7,29.3,26.0,9.3,-25.3,-16.7
5.524,16.0,26.7,29.3,24.7,13.3,-0.7,22.0,28.7,26.7,10.7,-25.3,-14.0
5.531,14.7,26.0,29.3,25.3,15.3,0.7,20.7,28.0,28.0,14.0,-24.7,-12.7
5.538,12.7,24.7,29.3,26.7,16.7,2.7,18.0,27.3,28.0,15.3,-24.0,-11.3
5.545,11.3,23.3,29.3,27.3,18.0,4.7,16.0,26.7,28.0,17.3,-23.3,-9.3
5.552,9.3,22.7,29.3,28.0,20.0,6.0,14.7,26.0,28.0,18.7,-22.7,-8.0
5.559,7.3,21.3,28.7,28.7,21.3,8.0,13.3,25.3,28.0,20.7,-22.0,-6.7
5.566,5.3,20.0,28.0,28.7,22.7,10.0,12.0,24.0,28.7,22.0,-21.3,-4.7
5.573,3.3,18.0,27.3,29.3,23.3,12.0,10.7,23.3,28.7,24.0,-20.7,-3.3
5.580,2.0,16.7,26.7,29.3,24.7,13.3,9.3,22.7,28.0,25.3,-18.7,0.0
5.587,0.0,15.3,26.0,29.3,25.3,15.3,7.3,20.0,28.0,27.3,-17.3,1.3
5.594,-1.3,13.3,24.7,29.3,26.7,16.7,4.0,18.7,27.3,28.0,-16.0,3.3
5.601,-3.3,12.0,24.0,29.3,27.3,18.0,2.0,17.3,26.7,28.7,-15.3,5.3
5.608,-5.3,10.0,22.7,29.3,28.0,20.0,0.0,15.3,26.0,28.7,-13.3,7.3
5.615,-6.7,8.0,21.3,28.7,28.7,21.3,-1.3,14.0,25.3,28.7,-12.0,8.7
5.622,-8.7,6.7,20.0,28.0,28.7,22.7,-3.3,12.7,24.7,28.7,-10.7,10.7
5.629,-10.7,4.7,18.7,27.3,29.3,23.3,-4.7,11.3,24.0,28.7,-8.7,12.7
5.636,-12.0,2.7,16.7,26.7,29.3,24.7,-6.0,10.0,23.3,28.7,-5.3,16.7
5.643,-14.0,0.7,15.3,26.0,29.3,26.0,-7.3,6.7,21.3,28.0,-3.3,19.3
5.650,-16.0,-0.7,13.3,24.7,29.3,26.7,-10.0,5.3,20.0,27.3,-1.3,21.3
5.657,-17.3,-2.7,12.0,23.3,29.3,27.3,-12.0,4.0,18.0,26.7,0.7,23.3
5.664,-18.7,-4.7,10.0,22.7,29.3,28.0,-13.3,2.0,16.7,26.0,2.7,24.7
5.671,-20.0,-6.0,8.0,21.3,28.7,28.7,-15.3,0.7,14.7,24.7,4.7,26.0
5.678,-21.3,-8.0,6.7,20.0,28.0,28.7,-16.7,-0.7,13.3,24.0,6.7,26.7
5.685,-22.7,-10.0,4.7,18.7,27.3,29.3,-18.0,-2.0,12.0,22.7,8.7,28.0
5.692,-24.0,-11.3,2.7,16.7,26.7,29.3,-18.7,-3.3,10.7,22.0,13.3,28.7
5.699,-25.3,-13.3,0.7,15.3,26.0,29.3,-20.0,-4.7,7.3,20.0,16.0,29.3
5.706,-26.0,-15.3,-0.7,13.3,24.7,29.3,-22.7,-8.7,5.3,18.7,18.7,29.3
5.713,-26.7,-16.7,-2.0,12.0,23.3,29.3,-23.3,-10.7,3.3,17.3,21.3,30.0
5.720,-28.0,-18.0,-4.0,10.0,22.7,29.3,-24.7,-12.7,2.0,15.3,23.3,30.0
5.727,-28.7,-20.0,-6.0,8.0,21.3,28.7,-26.0,-14.0,0.0,14.0,25.3,30.0
5.734,-28.7,-21.3,-8.0,6.7,20.0,28.0,-26.7,-15.3,-1.3,12.7,26.0,30.0
5.741,-29.3,-22.7,-10.0,4.7,18.0,27.3,-27.3,-16.7,-2.7,11.3,25.3,30.0
5.749,-29.3,-24.0,-12.0,2.7,16.7,26.7,-28.0,-20.0,-6.0,8.7,24.7,30.0
5.756,-30.0,-24.7,-13.3,0.7,15.3,25.3,-28.7,-21.3,-8.0,7.3,24.0,30.0
5.763,-30.0,-26.0,-15.3,-0.7,13.3,24.7,-29.3,-22.7,-10.0,6.0,23.3,29.3
5.770,-30.0,-26.7,-16.7,-2.7,11.3,23.3,-29.3,-24.0,-11.3,4.7,22.7,29.3
5.777,-29.3,-27.3,-18.7,-4.7,10.0,22.0,-30.0,-25.3,-13.3,4.0,22.7,29.3
5.784,-29.3,-28.0,-20.0,-6.7,8.0,21.3,-30.0,-26.7,-14.7,3.3,22.7,29.3
5.791,-28.7,-28.7,-21.3,-8.7,6.0,19.3,-30.0,-27.3,-15.3,2.7,22.7,28.7
5.799,-28.0,-29.3,-22.7,-10.0,4.0,18.0,-30.0,-28.0,-17.3,0.7,22.7,28.0
5.806,-27.3,-29.3,-24.0,-12.0,2.0,16.7,-30.0,-28.7,-18.7,-0.7,22.7,27.3
5.813,-26.0,-30.0,-25.3,-14.0,0.0,14.7,-29.3,-29.3,-20.0,-2.0,22.7,26.7
5.820,-25.3,-30.0,-26.0,-15.3,-1.3,13.3,-28.7,-29.3,-21.3,-2.7,22.7,25.3
5.827,-24.0,-30.0,-26.7,-17.3,-3.3,11.3,-28.0,-30.0,-22.7,-4.0,22.7,24.7
5.834,-23.3,-29.3,-28.0,-18.7,-4.7,9.3,-27.3,-30.0,-23.3,-5.3,22.0,23.3
5.841,-22.0,-29.3,-28.0,-20.0,-6.7,7.3,-26.7,-30.0,-24.7,-6.7,22.0,21.3
5.848,-20.7,-28.7,-28.7,-21.3,-8.7,6.0,-25.3,-30.0,-26.0,-10.0,21.3,20.0
5.855,-19.3,-28.0,-29.3,-22.7,-10.7,4.0,-23.3,-30.0,-26.7,-11.3,22.0,18.7
5.862,-18.0,-27.3,-29.3,-24.0,-12.0,2.0,-22.0,-29.3,-27.3,-12.7,21.3,17.3
5.869,-16.0,-26.7,-30.0,-25.3,-14.0,0.0,-20.7,-28.7,-28.0,-14.7,21.3,16.0
5.876,-14.7,-26.0,-30.0,-26.0,-15.3,-1.3,-19.3,-28.0,-28.7,-16.7,20.7,14.7
5.883,-12.7,-24.7,-30.0,-26.7,-17.3,-3.3,-18.0,-27.3,-28.7,-18.0,20.0,13.3
5.890,-10.7,-23.3,-29.3,-28.0,-18.7,-5.3,-16.7,-27.3,-28.7,-20.0,19.3,11.3
5.897,-9.3,-22.7,-29.3,-28.0,-20.0,-6.7,-15.3,-26.7,-29.3,-21.3,18.0,8.7
5.904,-7.3,-21.3,-28.7,-28.7,-21.3,-8.7,-14.0,-26.0,-29.3,-24.7,16.7,7.3
5.911,-5.3,-19.3,-28.0,-29.3,-22.7,-10.7,-10.7,-24.0,-29.3,-26.0,16.0,5.3
5.918,-3.3,-18.0,-27.3,-29.3,-24.0,-12.0,-9.3,-22.7,-28.7,-26.7,15.3,4.0
5.925,-1.3,-16.7,-26.7,-30.0,-25.3,-14.0,-7.3,-21.3,-28.7,-27.3,14.0,2.0
5.932,0.0,-14.7,-26.0,-30.0,-26.0,-16.0,-5.3,-20.0,-28.0,-28.0,12.7,0.7
5.939,1.3,-13.3,-24.7,-30.0,-26.7,-17.3,-4.0,-19.3,-27.3,-28.7,11.3,-1.3
5.946,3.3,-11.3,-24.0,-29.3,-28.0,-18.7,-2.0,-18.0,-27.3,-28.7,9.3,-3.3
5.953,5.3,-10.0,-22.7,-29.3,-28.7,-20.0,-0.7,-16.7,-26.7,-29.3,8.0,-5.3
5.960,7.3,-8.0,-21.3,-28.7,-28.7,-21.3,0.7,-15.3,-25.3,-29.3,4.7,-8.7
5.967,8.7,-6.0,-20.0,-28.0,-29.3,-22.7,4.0,-12.0,-24.7,-29.3,2.7,-10.7
5.974,10.7,-4.0,-18.7,-27.3,-29.3,-24.0,5.3,-10.0,-24.0,-29.3,1.3,-12.7
5.981,12.7,-2.7,-16.7,-26.7,-30.0,-25.3,6.7,-8.7,-22.7,-28.7,-0.7,-14.7
5.988,14.0,-0.7,-15.3,-26.0,-30.0,-26.0,8.7,-6.7,-22.0,-28.0,-2.7,-17.3
5.995,16.0,0.7,-13.3,-24.7,-30.0,-26.7,10.0,-5.3,-20.7,-28.0,-4.7,-19.3
6.002,17.3,2.7,-12.0,-24.0,-29.3,-28.0,11.3,-4.0,-19.3,-27.3,-7.3,-21.3
6.009,18.7,4.7,-10.0,-22.7,-29.3,-28.7,12.7,-2.7,-18.0,-26.7,-9.3,-23.3
6.016,20.7,6.7,-8.0,-21.3,-28.7,-28.7,14.0,-1.3,-16.7,-26.0,-13.3,-26.7
6.023,22.0,8.0,-6.0,-20.0,-28.0,-29.3,17.3,2.0,-13.3,-24.0,-16.0,-28.0
6.030,22.7,10.0,-4.7,-18.0,-27.3,-29.3,18.7,3.3,-11.3,-22.7,-18.0,-28.7
6.037,24.0,12.0,-2.7,-16.7,-26.7,-30.0,20.0,5.3,-9.3,-21.3,-20.7,-29.3
6.044,25.3,13.3,-0.7,-15.3,-26.0,-30.0,21.3,6.7,-7.3,-20.0,-22.7,-30.0
6.051,26.0,15.3,0.7,-13.3,-24.7,-30.0,22.7,8.7,-6.0,-18.7,-25.3,-30.0
6.058,26.7,16.7,2.7,-12.0,-24.0,-29.3,23.3,10.0,-4.7,-17.3,-26.7,-30.0
6.065,28.0,18.7,4.7,-10.0,-22.7,-29.3,24.0,11.3,-2.7,-16.0,-28.0,-30.7
6.072,28.0,20.0,6.0,-8.0,-21.3,-28.7,25.3,13.3,-1.3,-13.3,-27.3,-30.7
6.079,28.7,21.3,8.0,-6.0,-20.0,-28.0,28.7,16.7,2.7,-12.0,-26.7,-30.7
6.086,29.3,22.7,10.0,-4.7,-18.0,-27.3,27.3,18.7,4.7,-10.7,-26.7,-30.7
6.093,29.3,24.0,12.0,-2.7,-16.7,-26.7,28.0,20.7,6.7,-9.3,-26.0,-30.7
6.100,29.3,24.7,13.3,-0.7,-15.3,-26.0,28.7,22.0,8.0,-8.7,-26.0,-30.7
6.107,29.3,26.0,15.3,0.7,-13.3,-24.7,29.3,23.3,9.3,-8.0,-26.0,-30.7
6.114,29.3,26.7,16.7,2.7,-12.0,-24.0,29.3,24.7,10.0,-7.3,-26.0,-30.7
6.121,29.3,27.3,18.0,4.7,-10.0,-22.7,30.0,25.3,11.3,-6.7,-26.0,-30.0
6.128,28.7,28.0,19.3,6.0,-8.0,-21.3,30.0,26.0,12.0,-6.0,-26.0,-29.3
6.135,28.7,28.7,21.3,8.0,-6.0,-20.0,30.0,27.3,14.7,-4.0,-26.0,-28.7
6.142,28.0,29.3,22.7,10.0,-4.7,-18.0,30.0,28.0,16.0,-2.7,-26.0,-27.3
6.149,27.3,29.3,23.3,12.0,-2.7,-16.7,29.3,28.7,18.0,-2.0,-26.0,-26.7
6.156,26.0,29.3,24.7,13.3,-0.7,-15.3,29.3,29.3,19.3,-0.7,-26.0,-26.0
6.163,25.3,29.3,26.0,15.3,0.7,-13.3,28.7,29.3,20.7,0.7,-26.0,-24.7
6.170,24.0,29.3,26.7,16.7,2.7,-11.3,28.0,29.3,22.0,1.3,-26.0,-24.0
6.177,22.7,29.3,27.3,18.0,4.7,-10.0,27.3,29.3,22.7,2.7,-26.0,-22.7
6.184,22.0,28.7,28.0,20.0,6.7,-8.0,26.7,29.3,24.0,4.0,-26.0,-20.0
6.191,20.7,28.7,28.7,21.3,8.0,-6.0,24.7,29.3,25.3,7.3,-26.0,-18.7
6.198,19.3,28.0,29.3,22.7,10.0,-4.0,23.3,29.3,26.0,8.7,-25.3,-17.3
6.205,17.3,27.3,29.3,24.0,12.0,-2.7,22.0,28.7,26.7,10.0,-25.3,-16.0
6.212,16.0,26.7,29.3,24.7,13.3,-0.7,20.7,28.7,27.3,12.0,-24.7,-14.7
6.219,14.0,25.3,29.3,26.0,15.3,0.7,19.3,28.0,28.0,13.3,-24.7,-12.7
6.226,12.7,24.7,29.3,26.7,16.7,2.7,18.0,27.3,28.7,15.3,-24.0,-11.3
6.233,10.7,23.3,29.3,27.3,18.7,4.7,16.7,27.3,28.7,16.7,-23.3,-10.0
6.240,9.3,22.0,29.3,28.0,20.0,6.7,15.3,26.7,28.7,18.0,-22.0,-6.7
6.247,7.3,20.7,28.7,28.7,21.3,8.0,14.0,24.7,28.7,22.0,-21.3,-5.3
6.254,5.3,19.3,28.0,29.3,22.7,10.0,10.7,23.3,28.7,23.3,-20.7,-4.0
6.261,3.3,18.0,27.3,29.3,24.0,12.0,9.3,22.7,28.7,24.7,-19.3,-2.0
6.268,1.3,16.7,26.7,29.3,24.7,13.3,7.3,21.3,28.0,26.0,-18.7,-0.7
6.275,0.0,14.7,26.0,29.3,26.0,15.3,6.0,20.0,28.0,27.3,-17.3,1.3
6.282,-1.3,13.3,24.7,29.3,26.7,16.7,4.0,18.7,27.3,28.0,-16.7,2.7
6.289,-3.3,11.3,23.3,29.3,27.3,18.7,2.7,18.0,27.3,28.7,-15.3,4.7
6.296,-5.3,10.0,22.7,29.3,28.0,20.0,1.3,16.0,26.7,28.7,-12.7,8.0
6.303,-7.3,8.0,21.3,28.7,28.7,21.3,-0.7,13.3,24.7,28.7,-11.3,10.0
6.310,-9.3,6.0,20.0,28.0,29.3,22.7,-4.0,11.3,24.0,28.7,-9.3,12.0
6.317,-10.7,4.0,18.0,27.3,29.3,24.0,-5.3,10.0,22.7,28.7,-7.3,14.0
6.324,-12.7,2.0,16.7,26.7,29.3,24.7,-7.3,8.0,22.0,28.7,-6.0,16.7
6.331,-14.0,0.7,15.3,26.0,29.3,26.0,-8.7,6.7,20.7,28.0,-4.0,18.7
6.338,-16.0,-0.7,13.3,24.7,29.3,26.7,-10.7,6.0,20.0,27.3,-2.0,20.7
6.345,-17.3,-2.7,12.0,23.3,29.3,27.3,-12.0,4.7,18.7,27.3,0.0,22.7
6.352,-19.3,-4.7,10.0,22.7,28.7,28.0,-13.3,3.3,18.0,26.7,4.0,25.3
6.359,-20.7,-6.7,8.0,21.3,28.7,28.7,-14.0,0.0,14.7,24.7,6.0,26.7
6.366,-22.0,-8.7,6.0,19.3,28.0,29.3,-17.3,-1.3,12.7,23.3,8.0,27.3
6.373,-23.3,-10.0,4.7,18.0,27.3,29.3,-18.7,-3.3,10.7,22.0,10.7,28.0
6.380,-24.0,-12.0,2.7,16.7,26.7,29.3,-20.0,-5.3,9.3,20.7,13.3,29.3
6.387,-25.3,-14.0,0.7,15.3,25.3,29.3,-21.3,-6.7,8.0,20.0,15.3,29.3
6.394,-26.0,-15.3,-0.7,13.3,24.7,29.3,-22.0,-8.0,6.0,18.7,18.0,30.0
6.401,-27.3,-17.3,-2.7,12.0,23.3,29.3,-23.3,-10.0,4.7,17.3,20.7,30.0
6.408,-28.0,-18.7,-4.7,10.0,22.7,28.7,-24.0,-11.3,3.3,16.7,24.7,30.0
6.415,-28.7,-20.0,-6.0,8.0,21.3,28.7,-25.3,-15.3,0.0,14.0,25.3,30.0
6.422,-28.7,-21.3,-8.0,6.0,19.3,28.0,-27.3,-16.7,-2.0,12.0,25.3,30.0
6.429,-29.3,-22.7,-10.0,4.7,18.0,27.3,-28.0,-18.7,-4.0,10.7,24.7,30.0
6.436,-29.3,-24.0,-12.0,2.7,16.7,26.7,-28.0,-20.0,-6.0,8.7,24.0,30.0
6.443,-30.0,-24.7,-13.3,0.7,15.3,25.3,-28.7,-21.3,-7.3,7.3,24.0,30.0
6.450,-30.0,-26.0,-15.3,-0.7,13.3,24.7,-28.7,-22.7,-8.7,6.0,23.3,30.0
6.457,-30.0,-26.7,-16.7,-2.7,11.3,23.3,-29.3,-23.3,-10.7,5.3,22.7,29.3
6.464,-29.3,-27.3,-18.0,-4.7,10.0,22.7,-29.3,-24.7,-12.0,4.7,22.7,29.3
6.471,-29.3,-28.0,-20.0,-6.0,8.0,21.3,-30.0,-26.7,-14.7,2.7,22.7,29.3
6.478,-28.7,-28.7,-21.3,-8.0,6.0,19.3,-30.0,-27.3,-16.0,2.0,22.7,28.7
6.486,-28.0,-29.3,-22.7,-10.0,4.0,18.0,-30.0,-28.0,-17.3,1.3,22.7,28.0
6.494,-27.3,-29.3,-24.0,-12.0,2.0,16.7,-30.0,-28.7,-18.7,0.0,22.7,27.3
6.501,-26.0,-30.0,-24.7,-14.0,0.0,14.7,-29.3,-29.3,-19.3,-1.3,22.7,26.7
6.508,-25.3,-30.0,-26.0,-15.3,-0.7,13.3,-28.7,-29.3,-20.7,-2.0,22.7,24.7
6.516,-24.0,-30.0,-26.7,-17.3,-3.3,11.3,-28.7,-30.0,-22.7,-4.7,22.7,23.3
6.523,-23.3,-29.3,-28.0,-18.7,-4.7,9.3,-26.7,-30.0,-24.0,-6.7,22.0,22.7
6.530,-22.0,-29.3,-28.0,-20.0,-6.7,7.3,-26.0,-30.0,-24.7,-8.0,22.0,21.3
6.537,-20.7,-28.7,-28.7,-21.3,-8.7,5.3,-24.7,-30.0,-26.0,-9.3,22.0,20.0
6.544,-19.3,-28.0,-29.3,-22.7,-10.7,4.0,-23.3,-30.0,-26.7,-10.7,21.3,18.7
6.551,-17.3,-27.3,-29.3,-24.0,-12.0,2.0,-22.7,-29.3,-27.3,-12.0,20.7,17.3
6.558,-16.0,-26.7,-30.0,-25.3,-14.0,0.0,-21.3,-29.3,-28.0,-14.0,20.7,16.7
6.565,-14.7,-25.3,-30.0,-26.0,-15.3,-1.3,-20.0,-28.7,-28.0,-15.3,19.3,13.3
6.572,-12.7,-24.7,-30.0,-26.7,-17.3,-3.3,-18.7,-27.3,-28.7,-18.7,18.7,12.0
6.579,-10.7,-23.3,-29.3,-28.0,-18.7,-4.7,-16.0,-26.7,-28.7,-20.7,18.0,10.7
6.586,-9.3,-22.0,-29.3,-28.0,-20.0,-6.7,-14.7,-26.0,-29.3,-22.0,16.7,9.3
6.593,-7.3,-20.7,-28.7,-28.7,-21.3,-8.7,-12.7,-24.7,-28.7,-24.0,16.0,7.3
6.600,-5.3,-19.3,-28.0,-29.3,-22.7,-10.7,-11.3,-24.0,-28.7,-25.3,15.3,6.0
6.607,-3.3,-18.0,-27.3,-29.3,-24.0,-12.0,-9.3,-22.7,-28.7,-26.0,14.7,4.7
6.614,-1.3,-16.7,-26.7,-30.0,-25.3,-14.0,-8.0,-22.0,-28.7,-26.7,13.3,2.7
6.621,0.0,-14.7,-26.0,-30.0,-26.0,-16.0,-6.7,-20.7,-28.7,-28.0,10.7,-0.7
6.628,1.3,-13.3,-24.7,-30.0,-26.7,-17.3,-4.7,-18.0,-27.3,-28.7,9.3,-2.0
6.635,3.3,-11.3,-24.0,-29.3,-28.0,-18.7,-1.3,-16.7,-26.7,-29.3,8.0,-4.0
6.642,5.3,-10.0,-22.7,-29.3,-28.7,-20.0,0.0,-15.3,-26.0,-29.3,6.0,-6.0
6.649,7.3,-8.0,-21.3,-28.7,-28.7,-21.3,2.0,-13.3,-25.3,-29.3,4.7,-8.0
6.656,9.3,-6.0,-20.0,-28.0,-29.3,-22.7,3.3,-12.0,-24.7,-29.3,2.7,-10.0
6.663,10.7,-4.0,-18.7,-27.3,-29.3,-24.0,5.3,-10.7,-24.0,-29.3,0.7,-12.0
6.670,12.7,-2.0,-16.7,-26.7,-30.0,-25.3,6.7,-10.0,-23.3,-29.3,-1.3,-14.0
6.677,14.7,0.0,-15.3,-26.0,-30.0,-26.0,8.0,-8.0,-22.7,-28.7,-5.3,-18.7
6.684,16.0,0.7,-13.3,-24.7,-30.0,-26.7,9.3,-4.7,-20.0,-27.3,-7.3,-20.7
6.691,17.3,2.7,-12.0,-24.0,-29.3,-28.0,12.7,-3.3,-18.7,-26.7,-9.3,-22.7
6.698,19.3,4.7,-10.0,-22.7,-29.3,-28.7,14.0,-1.3,-16.7,-26.0,-11.3,-24.7
6.705,20.7,6.7,-8.0,-21.3,-28.7,-28.7,15.3,0.0,-15.3,-24.7,-13.3,-26.0
6.712,22.0,8.7,-6.0,-20.0,-28.0,-29.3,16.7,1.3,-13.3,-24.0,-15.3,-27.3
6.719,23.3,10.0,-4.7,-18.0,-27.3,-29.3,18.7,2.7,-12.0,-22.7,-18.0,-28.7
6.726,24.0,12.0,-2.7,-16.7,-26.7,-30.0,19.3,4.0,-10.7,-22.0,-20.0,-29.3
6.733,25.3,14.0,-0.7,-15.3,-26.0,-30.0,20.7,5.3,-8.7,-20.7,-22.7,-29.3
6.740,26.0,15.3,0.7,-13.3,-24.7,-30.0,22.0,7.3,-7.3,-20.0,-26.7,-30.0
6.747,26.7,16.7,2.7,-12.0,-24.0,-29.3,23.3,11.3,-3.3,-16.7,-27.3,-30.7
6.754,28.0,18.7,4.7,-10.0,-22.7,-29.3,25.3,13.3,-1.3,-15.3,-27.3,-30.7
6.761,28.0,20.0,6.0,-8.0,-21.3,-28.7,26.0,14.7,0.7,-13.3,-26.7,-30.7
6.769,28.7,21.3,8.0,-6.0,-20.0,-28.0,26.7,16.7,2.0,-12.0,-26.7,-30.7
6.776,29.3,22.7,10.0,-4.7,-18.0,-27.3,27.3,18.0,4.0,-11.3,-26.7,-30.7
6.783,29.3,24.0,12.0,-2.7,-16.7,-26.7,28.0,20.0,5.3,-10.0,-26.7,-30.7
6.790,29.3,24.7,13.3,-0.7,-15.3,-26.0,28.0,21.3,6.7,-9.3,-26.7,-30.7
6.797,29.3,26.0,15.3,0.7,-13.3,-24.7,28.7,22.7,9.3,-8.0,-26.7,-30.7
6.804,29.3,26.7,16.7,2.7,-11.3,-23.3,29.3,24.7,10.7,-7.3,-26.7,-30.7
6.811,29.3,27.3,18.0,4.7,-10.0,-22.7,30.0,26.0,12.0,-6.0,-26.7,-30.0
6.818,28.7,28.0,20.0,6.0,-8.0,-21.3,30.0,26.7,13.3,-5.3,-26.7,-29.3
6.825,28.0,28.7,21.3,8.0,-6.0,-20.0,30.0,27.3,14.7,-4.7,-26.7,-28.7
6.832,28.0,29.3,22.7,10.0,-4.7,-18.0,30.0,28.0,16.0,-3.3,-26.7,-28.0
6.839,26.7,29.3,23.3,12.0,-2.7,-16.7,29.3,28.0,17.3,-2.7,-26.7,-27.3
6.846,26.0,29.3,24.7,13.3,-0.7,-14.7,29.3,28.7,18.7,-1.3,-26.7,-26.0
6.853,25.3,29.3,26.0,15.3,0.7,-13.3,28.7,28.7,21.3,1.3,-26.7,-24.7
6.860,24.0,29.3,26.7,16.7,2.7,-11.3,27.3,29.3,22.7,2.7,-26.7,-23.3
6.867,22.7,29.3,27.3,18.0,4.7,-10.0,26.7,29.3,23.3,4.0,-26.7,-22.0
6.874,22.0,28.7,28.0,20.0,6.7,-8.0,25.3,29.3,24.7,5.3,-26.7,-20.7
6.881,20.7,28.7,28.7,21.3,8.0,-6.0,24.7,29.3,25.3,6.7,-26.0,-19.3
6.888,18.7,28.0,29.3,22.7,10.0,-4.0,23.3,29.3,26.0,8.0,-26.0,-18.0
6.895,17.3,27.3,29.3,24.0,12.0,-2.7,22.7,28.7,26.7,10.0,-26.0,-16.7
6.902,16.0,26.7,29.3,24.7,13.3,-0.7,21.3,28.7,27.3,11.3,-25.3,-15.3
6.909,14.0,25.3,29.3,26.0,15.3,0.7,20.0,28.7,27.3,12.7,-24.7,-12.0
6.916,12.7,24.7,29.3,26.7,16.7,2.7,17.3,27.3,28.0,16.0,-24.7,-10.7
6.923,10.7,23.3,29.3,27.3,18.0,4.7,16.0,26.7,28.7,18.0,-24.0,-9.3
6.930,8.7,22.0,29.3,28.0,20.0,6.7,14.0,26.0,28.7,19.3,-23.3,-7.3
6.937,7.3,20.7,28.7,28.7,21.3,8.0,12.7,24.7,28.7,21.3,-22.7,-6.0
6.944,5.3,19.3,28.0,29.3,22.7,10.0,10.7,24.0,28.7,22.7,-22.0,-4.7
6.951,3.3,18.0,27.3,29.3,24.0,12.0,9.3,23.3,28.7,24.0,-20.7,-2.7
6.958,1.3,16.7,26.7,29.3,24.7,13.3,8.0,22.0,28.7,26.0,-20.0,-1.3
6.965,0.0,14.7,26.0,29.3,26.0,15.3,6.7,21.3,28.0,26.7,-18.0,2.0
6.972,-1.3,13.3,24.7,29.3,26.7,16.7,5.3,18.0,27.3,28.7,-16.7,4.0
6.979,-3.3,11.3,23.3,29.3,27.3,18.0,2.0,16.7,26.7,28.7,-15.3,5.3
6.986,-5.3,9.3,22.7,29.3,28.0,20.0,0.0,15.3,26.0,28.7,-14.0,7.3
6.993,-7.3,8.0,21.3,28.7,28.7,21.3,-1.3,13.3,24.7,28.7,-12.7,9.3
7.000,-9.3,6.0,20.0,28.0,29.3,22.7,-3.3,12.0,24.0,28.7,-10.7,11.3
7.007,-10.7,4.0,18.0,27.3,29.3,24.0,-5.3,10.7,23.3,28.7,-9.3,13.3
7.014,-12.7,2.0,16.7,26.7,29.3,24.7,-6.7,9.3,22.7,28.7,-7.3,15.3
7.021,-14.7,0.0,15.3,26.0,29.3,26.0,-8.0,8.0,22.0,28.7,-4.0,19.3
7.028,-16.0,-0.7,13.3,24.7,29.3,26.7,-9.3,4.7,19.3,27.3,-2.0,21.3
7.035,-17.3,-2.7,12.0,23.3,29.3,27.3,-12.7,3.3,18.0,26.7,0.0,23.3
7.042,-19.3,-4.7,10.0,22.7,29.3,28.0,-14.0,2.0,16.7,26.0,2.0,25.3
7.049,-20.7,-6.7,8.0,21.3,28.7,28.7,-15.3,0.0,14.7,24.7,4.0,26.0
7.056,-22.0,-8.7,6.7,20.0,28.0,29.3,-16.7,-1.3,13.3,23.3,6.7,27.3
7.063,-23.3,-10.0,4.7,18.0,27.3,29.3,-18.7,-2.7,12.0,22.7,8.7,28.0
7.070,-24.0,-12.0,2.7,16.7,26.7,29.3,-19.3,-4.0,10.0,22.0,11.3,28.7
7.077,-25.3,-14.0,0.7,15.3,26.0,29.3,-20.7,-5.3,8.7,20.7,16.0,29.3
7.084,-26.0,-15.3,-0.7,13.3,24.7,29.3,-22.0,-7.3,5.3,18.7,18.7,30.0
7.091,-27.3,-16.7,-2.7,12.0,23.3,29.3,-24.0,-11.3,3.3,16.7,21.3,30.0
7.098,-28.0,-18.7,-4.0,10.0,22.7,29.3,-25.3,-13.3,1.3,15.3,23.3,30.0
7.105,-28.7,-20.0,-6.0,8.0,21.3,28.7,-26.0,-14.7,0.0,14.0,24.7,30.0
7.112,-28.7,-21.3,-8.0,6.7,20.0,28.0,-26.7,-16.7,-1.3,12.7,25.3,30.0
7.119,-29.3,-22.7,-10.0,4.7,18.0,27.3,-27.3,-17.3,-3.3,10.7,25.3,30.0
7.126,-29.3,-24.0,-11.3,2.7,16.7,26.7,-28.0,-18.7,-4.7,9.3,25.3,30.0
7.133,-30.0,-25.3,-13.3,0.7,15.3,25.3,-28.7,-20.0,-6.0,8.7,24.0,30.0
7.140,-30.0,-26.0,-15.3,-0.7,13.3,24.7,-28.7,-22.7,-10.0,6.0,23.3,30.0
7.147,-29.3,-26.7,-16.7,-2.7,12.0,23.3,-29.3,-24.7,-11.3,4.7,22.7,29.3
7.154,-29.3,-27.3,-18.0,-4.7,10.0,22.7,-30.0,-26.0,-13.3,4.0,22.7,29.3
7.161,-29.3,-28.0,-20.0,-6.0,8.0,21.3,-30.0,-26.7,-14.7,2.7,22.7,29.3
7.168,-28.7,-28.7,-21.3,-8.0,6.0,19.3,-30.0,-28.0,-16.0,2.0,22.7,28.7
7.175,-28.0,-29.3,-22.7,-10.0,4.7,18.0,-30.0,-28.0,-16.7,0.7,22.7,28.0
7.183,-27.3,-29.3,-24.0,-12.0,2.0,16.7,-30.0,-28.7,-18.0,0.0,22.7,26.7
7.191,-26.0,-30.0,-24.7,-14.0,0.0,14.7,-29.3,-29.3,-20.0,-2.7,22.7,26.0
